similarity,mean_exclusiveness,n_exclusive,n_clusters
1,1.0170870626525413e-6,2458,2458
1,1.058201058201032e-6,2457,2457
1,1.0993485342019238e-06,2456,2456
1,1.0997963340121893e-6,2455,2455
1,1.0391198044009766e-5,2454,2454
1,1.0395434162250293e-5,2453,2453
1,1.0399673735725924e-5,2452,2452
1,1.0403916768665838e-5,2451,2451
1,1.0408163265306108e-5,2450,2450
1,1.0412413229889737e-5,2449,2449
1,1.0702614379084967e-5,2448,2448
1,1.0706988148753576e-5,2447,2447
1,1.0752248569092392e-5,2446,2446
1,1.0756646216768912e-5,2445,2445
1,1.076104746317512e-5,2444,2444
1,1.3385182153090442e-5,2443,2443
1,1.339066339066337e-5,2442,2442
1,1.3396149119213417e-5,2441,2441
1,1.3852459016393417e-5,2440,2440
1,1.385813858138579e-5,2439,2439
1,1.3863822805578319e-5,2438,2438
1,1.3869511694706582e-5,2437,2437
1,1.4244663382594397e-5,2436,2436
1,1.4250513347022567e-5,2435,2435
1,1.4256368118323729e-5,2434,2434
1,1.4344430743937497e-5,2433,2433
1,1.4309210526315766e-5,2431,2432
1,1.4397367338543777e-5,2430,2431
1,1.4444444444444407e-5,2429,2430
1,1.4450391107451588e-5,2428,2429
1,1.4456342668863225e-5,2427,2428
1,2.0189534404614723e-5,2426,2427
1,2.2629843363561397e-5,2425,2426
1,2.2639175257731936e-5,2424,2425
1,2.264851485148513e-5,2423,2424
1,2.2740404457284327e-5,2422,2423
1,1.4744013212221303e-4,2421,2422
1,1.4750103263114415e-4,2420,2421
1,1.5293388429752066e-4,2419,2420
1,1.5746176105828856e-4,2418,2419
1,1.575268817204301e-4,2417,2418
1,1.5771617707902358e-4,2416,2417
1,1.577814569536424e-4,2415,2416
1,1.5784679089026913e-4,2414,2415
1,1.5791217895608946e-4,2413,2414
1,1.5810194778284291e-4,2412,2413
1,1.58167495854063e-4,2411,2412
1,1.583160514309415e-4,2410,2411
1,1.583817427385892e-4,2409,2410
1,1.5848899958488996e-4,2408,2409
1,1.6411960132890361e-4,2407,2408
1,2.8562525965932693e-4,2406,2407
1,2.8674147963424765e-4,2405,2406
1,2.8765072765072757e-4,2404,2405
1,2.877703826955074e-4,2403,2404
1,2.878901373283395e-4,2402,2403
1,3.372606161532056e-4,2401,2402
1,3.374427321949187e-4,2400,2401
1,3.3758333333333324e-4,2399,2400
1,3.4047519799916624e-4,2398,2399
1,3.407005838198498e-4,2397,2398
1,3.4084272006675004e-4,2396,2397
1,3.409849749582637e-4,2395,2396
1,4.3294363256784964e-4,2394,2395
1,4.331244778613199e-4,2393,2394
1,4.333054743000417e-4,2392,2393
1,4.5033444816053504e-4,2391,2392
1,4.505227938101212e-4,2390,2391
1,4.5071129707112965e-4,2389,2390
1,4.5089995814148173e-4,2388,2389
1,4.510887772194304e-4,2387,2388
1,4.512777545035609e-4,2386,2387
1,4.5150880134115667e-4,2385,2386
1,4.528721174004192e-4,2384,2385
1,4.530620805369127e-4,2383,2384
1,4.532941670163659e-4,2382,2383
1,4.534844668345927e-4,2381,2382
1,4.536749265014699e-4,2380,2381
1,4.5386554621848734e-4,2379,2380
1,4.5409836065573764e-4,2378,2379
1,4.5445752733389396e-4,2377,2378
1,4.546487168700041e-4,2376,2377
1,4.5614478114478104e-4,2375,2376
1,4.563368421052631e-4,2374,2375
1,4.614153327716933e-4,2373,2374
1,4.6868942267172347e-4,2372,2373
1,4.688870151770657e-4,2371,2372
1,4.692534795444959e-4,2370,2371
1,4.7261603375527416e-4,2369,2370
1,4.728155339805824e-4,2368,2369
1,5.719172297297296e-4,2367,2368
1,5.727503168567806e-4,2366,2367
1,5.729923922231613e-4,2365,2366
1,5.732346723044396e-4,2364,2365
1,6.778341793570218e-4,2363,2364
1,6.78121032585696e-4,2362,2363
1,6.823878069432683e-4,2361,2362
1,6.827191867852604e-4,2360,2361
1,6.866101694915252e-4,2359,2360
1,7.918185671894869e-4,2358,2359
1,7.970737913486004e-4,2357,2358
1,7.974119643614763e-4,2356,2357
1,8.544142614601018e-4,2355,2356
1,8.566454352441612e-4,2354,2355
1,9.350042480883601e-4,2353,2354
1,9.354016149596258e-4,2352,2353
1,0.0010279336734693877,2351,2352
1,0.0010283709059974477,2350,2351
1,0.0011232765957446807,2349,2350
1,0.0011237547892720306,2348,2349
1,0.0011272146507666097,2347,2348
1,0.001127737537281636,2346,2347
1,0.0012340579710144925,2345,2346
1,0.0012345842217484006,2344,2345
1,0.0013350255972696243,2343,2344
1,0.0013375586854460092,2342,2343
1,0.0013381725021349273,2341,2342
1,0.0013397266125587354,2340,2341
1,0.0014879914529914529,2339,2340
1,0.0014886276186404444,2338,2339
1,0.0014927288280581691,2337,2338
1,0.0015558408215661102,2336,2337
1,0.0015562071917808217,2334,2336
1,0.0016836402569593146,2333,2335
1,0.0016847900599828618,2332,2334
1,0.0016857265323617658,2331,2333
1,0.0016866209262435675,2330,2332
1,0.0016895752895752893,2329,2331
1,0.0016903862660944205,2328,2330
1,0.0016911120652640616,2327,2329
1,0.0016956185567010306,2326,2328
1,0.0016963902019767939,2325,2327
1,0.0016971195184866722,2324,2326
1,0.0016982365591397847,2323,2325
1,0.0017941049913941477,2322,2324
1,0.0017949634093844165,2321,2323
1,0.001795779500430663,2320,2322
1,0.0017975872468763462,2319,2321
1,0.0017990517241379307,2318,2320
1,0.0017998275118585594,2317,2319
1,0.0018008196721311473,2316,2318
1,0.0018015968925334481,2315,2317
1,0.0018023747841105352,2314,2316
1,0.0018035421166306693,2313,2315
1,0.0018044079515989624,2312,2314
1,0.0018051880674448766,2311,2313
1,0.0018062283737024219,2310,2312
1,0.001808221549112938,2309,2311
1,0.0018090043290043287,2308,2310
1,0.0018098310957124293,2307,2309
1,0.0018106585788561522,2306,2308
1,0.0018114867793671433,2305,2307
1,0.0018122723330442321,2304,2306
1,0.0018130585683297177,2303,2305
1,0.001813845486111111,2302,2304
1,0.0018146330872774639,2301,2303
1,0.0018154213727193742,2300,2302
1,0.0018162103433289872,2299,2301
1,0.0018169999999999998,2298,2300
1,0.001817790343627664,2297,2299
1,0.0018301131418624887,2296,2298
1,0.0018309098824553763,2295,2297
1,0.0018317073170731704,2294,2296
1,0.0018393899782135072,2293,2295
1,0.0018401918047079335,2292,2294
1,0.0018409507195813342,2290,2293
1,0.0018417539267015705,2289,2292
1,0.001842557835006547,2288,2291
1,0.0018433624454148468,2287,2290
1,0.0018441677588466577,2286,2289
1,0.0018449300699300696,2284,2288
1,0.0018457367730651505,2283,2287
1,0.001846587926509186,2282,2286
1,0.0018473960612691463,2281,2285
1,0.001848204903677758,2280,2284
1,0.0018492772667542704,2279,2283
1,0.0018500876424189306,2278,2282
1,0.0018508987286277945,2277,2281
1,0.0018517105263157892,2276,2280
1,0.001853137340939008,2275,2279
1,0.001853950834064969,2274,2278
1,0.0018547650417215632,2273,2277
1,0.0019743848857644987,2272,2276
1,0.001975252747252747,2271,2275
1,0.001976121372031662,2270,2274
1,0.0019769907611086666,2269,2273
1,0.0019779489436619717,2268,2272
1,0.001978775869660942,2266,2271
1,0.0019796475770925107,2265,2270
1,0.001980520052886734,2264,2269
1,0.0019813932980599644,2263,2268
1,0.001982267313630348,2262,2267
1,0.0019831421006178285,2261,2266
1,0.00198401766004415,2260,2265
1,0.001984893992932862,2259,2264
1,0.0019857711003093237,2258,2263
1,0.001986648983200707,2257,2262
1,0.0019875276426360015,2256,2261
1,0.0019884070796460174,2255,2260
1,0.0019892872952633907,2254,2259
1,0.001990168290522586,2253,2258
1,0.001991050066459902,2252,2257
1,0.001991932624113475,2251,2256
1,0.001992993348115299,2250,2255
1,0.001993877551020408,2249,2254
1,0.0019947625388371058,2248,2253
1,0.001995648312611012,2247,2252
1,0.0019965348733896045,2246,2251
1,0.001997422222222222,2245,2250
1,0.001998265895953757,2243,2249
1,0.0019991103202846973,2241,2248
1,0.0019999999999999996,2240,2247
1,0.0020008904719501334,2239,2246
1,0.0020017817371937637,2238,2245
1,0.0020026737967914435,2237,2244
1,0.0020035666518056173,2236,2243
1,0.002004415700267618,2235,2242
1,0.0020053101294065147,2234,2241
1,0.002006205357142857,2233,2240
1,0.002007101384546672,2232,2239
1,0.0020079982126899013,2231,2238
1,0.002008895842646401,2230,2237
1,0.0020097942754919496,2229,2236
1,0.0020107382550335565,2228,2235
1,0.002011862130707251,2227,2234
1,0.0020127630989699953,2226,2233
1,0.002013664874551971,2225,2232
1,0.0020145674585387717,2224,2231
1,0.0020154708520179368,2223,2230
1,0.0020163750560789587,2222,2229
1,0.002017280071813285,2221,2228
1,0.002018185900314324,2220,2227
1,0.0020190925426774482,2219,2226
1,0.0020199999999999997,2218,2225
1,0.0020209082733812947,2217,2224
1,0.002021817363922627,2216,2223
1,0.0020227272727272724,2215,2222
1,0.002023683025664115,2214,2221
1,0.002024549549549549,2212,2220
1,0.002025461919783686,2211,2219
1,0.0020263751127141565,2210,2218
1,0.002027289129454217,2209,2217
1,0.0020281588447653427,2208,2216
1,0.0020290744920993223,2207,2215
1,0.002029990966576332,2206,2214
1,0.002030908269317668,2205,2213
1,0.002032414104882459,2204,2212
1,0.002033333333333333,2203,2211
1,0.002034253393665158,2202,2210
1,0.002037709370755998,2201,2209
1,0.002038632246376811,2200,2208
1,0.0020395559583144536,2199,2207
1,0.0020404805077062554,2198,2206
1,0.0020414512471655325,2197,2205
1,0.0020423774954627947,2196,2204
1,0.0020433045846572854,2195,2203
1,0.002044232515894641,2194,2202
1,0.0020451612903225804,2193,2201
1,0.002046090909090909,2192,2200
1,0.0020470213733515233,2191,2199
1,0.0020479526842584164,2190,2198
1,0.002048884842967683,2189,2197
1,0.0020498178506375224,2188,2196
1,0.002050797266514806,2188,2195
1,0.0020517319963536916,2187,2194
1,0.00205266757865937,2186,2193
1,0.002053649635036496,2185,2192
1,0.002054586946599726,2184,2191
1,0.0020555251141552507,2183,2190
1,0.0020564641388761988,2182,2189
1,0.0020574040219378423,2181,2188
1,0.002058344764517604,2180,2187
1,0.002059286367795059,2179,2186
1,0.0020602745995423337,2178,2185
1,0.0020612179487179486,2177,2184
1,0.002062162162162162,2176,2183
1,0.0020631072410632442,2175,2182
1,0.002064144887666208,2174,2181
1,0.0020650917431192656,2173,2180
1,0.0020660394676457086,2172,2179
1,0.0020669880624426076,2171,2178
1,0.0020679375287092324,2170,2177
1,0.002069301470588235,2169,2176
1,0.002070804597701149,2168,2175
1,0.002072263109475621,2167,2174
1,0.0020732627703635522,2166,2173
1,0.0020742173112338856,2165,2172
1,0.002075172731460156,2164,2171
1,0.002076129032258064,2163,2170
1,0.0020771323190410325,2162,2169
1,0.0020780904059040585,2161,2168
1,0.0020791416705122287,2160,2167
1,0.002080193905817174,2159,2166
1,0.002081478060046189,2158,2165
1,0.002085027726432532,2157,2164
1,0.002091585760517799,2156,2163
1,0.002092738205365402,2155,2162
1,0.002093706617306802,2154,2161
1,0.0020946759259259256,2153,2160
1,0.002265493283927744,2152,2159
1,0.0022666357738646893,2151,2158
1,0.0022676866017617057,2150,2157
1,0.002268784786641929,2149,2156
1,0.002269883990719257,2148,2155
1,0.0022709842154131844,2147,2154
1,0.0022720854621458425,2146,2153
1,0.00227314126394052,2145,2152
1,0.0022741980474198045,2144,2151
1,0.002275255813953488,2143,2150
1,0.002276314564913913,2142,2149
1,0.002277374301675977,2141,2148
1,0.00227843502561714,2140,2147
1,0.002279496738117427,2139,2146
1,0.0022806526806526803,2138,2145
1,0.002281716417910447,2137,2144
1,0.0022828744750349973,2136,2143
1,0.0022839402427637717,2135,2142
1,0.002286595049042503,2134,2141
1,0.0022885514018691584,2133,2140
1,0.002290930341280972,2132,2139
1,0.0022920018709073897,2131,2138
1,0.0022931211979410385,2130,2137
1,0.0022942415730337075,2129,2136
1,0.0022974238875878216,2128,2135
1,0.002298500468603561,2127,2134
1,0.0022995780590717293,2126,2133
1,0.0023006566604127573,2125,2132
1,0.0023017362740497416,2124,2131
1,0.00230281690140845,2123,2130
1,0.0023038985439173317,2122,2129
1,0.0023050281954887213,2121,2128
1,0.0023107663375646448,2120,2127
1,0.0023119002822201314,2120,2126
1,0.0023129882352941173,2119,2125
1,0.0023140772128060257,2118,2124
1,0.002315167216203485,2117,2123
1,0.0023162582469368515,2116,2122
1,0.002317350306459217,2115,2121
1,0.0023186320754716976,2114,2120
1,0.0023196790939122225,2112,2119
1,0.0023207743153918787,2111,2118
1,0.002321870571563533,2110,2117
1,0.0023229206049149333,2108,2116
1,0.0023240189125295504,2107,2115
1,0.002325165562913907,2106,2114
1,0.002326265972550875,2105,2113
1,0.0023273674242424236,2104,2112
1,0.002328469919469445,2103,2111
1,0.0023295734597156394,2102,2110
1,0.0023306780464675196,2101,2109
1,0.002331783681214421,2100,2108
1,0.0023331276696725196,2100,2107
1,0.0023342355175688502,2099,2106
1,0.002335344418052256,2098,2105
1,0.002336406844106463,2096,2104
1,0.0023377555872563,2096,2103
1,0.0023395337773548996,2095,2102
1,0.0023406473108043783,2094,2101
1,0.0023418571428571425,2094,2100
1,0.002342972844211529,2093,2099
1,0.0023440896091515722,2092,2098
1,0.0023452551263710058,2091,2097
1,0.002346755725190839,2090,2096
1,0.0023478758949880664,2089,2095
1,0.002349044890162368,2088,2094
1,0.002350167224080267,2087,2093
1,0.002351290630975143,2086,2092
1,0.0023524151123864175,2085,2091
1,0.002353636363636363,2084,2090
1,0.002355241742460507,2083,2089
1,0.002356465517241379,2082,2088
1,0.0023578821274556775,2081,2087
1,0.0023590124640460205,2080,2086
1,0.0023601438848920857,2079,2085
1,0.002361276391554702,2078,2084
1,0.002362938070091214,2077,2083
1,0.0023642651296829965,2076,2082
1,0.0023654012493993268,2075,2081
1,0.002366538461538461,2074,2080
1,0.002367628667628667,2072,2079
1,0.002371462945139557,2071,2078
1,0.0023726047183437646,2070,2077
1,0.002374084778420038,2069,2076
1,0.00237522891566265,2068,2075
1,0.002403326904532304,2067,2074
1,0.0024052098408104193,2066,2073
1,0.002406370656370656,2065,2072
1,0.002407532592950265,2064,2071
1,0.0024086956521739123,2063,2070
1,0.0024135331077815366,2062,2069
1,0.002414700193423597,2061,2068
1,0.0024160135462022248,2060,2067
1,0.0024171829622458853,2059,2066
1,0.002418353510895883,2058,2065
1,0.002419525193798449,2057,2064
1,0.002420698012603005,2056,2063
1,0.002421871968962172,2055,2062
1,0.0024230470645317803,2054,2061
1,0.002424174757281553,2052,2060
1,0.002436425449247207,2051,2059
1,0.0024376093294460636,2050,2058
1,0.002438842975206611,2049,2057
1,0.002440029182879377,2048,2056
1,0.0024412165450121647,2047,2055
1,0.0024424050632911387,2046,2054
1,0.0024440818314661467,2045,2053
1,0.0024488304093567247,2044,2052
1,0.0024500731350560697,2043,2051
1,0.0024512682926829264,2042,2050
1,0.0024524646168862852,2041,2049
1,0.0024589843749999994,2040,2048
1,0.002460185637518319,2039,2047
1,0.0024613880742912994,2038,2046
1,0.0024625916870415644,2037,2045
1,0.0024704990215264184,2036,2044
1,0.002474008810572687,2035,2043
1,0.0024752203721841327,2034,2042
1,0.0024764331210191076,2033,2041
1,0.002477647058823529,2032,2040
1,0.002478862187346738,2031,2039
1,0.002480078508341511,2030,2038
1,0.0024812960235640644,2029,2037
1,0.002482514734774066,2028,2036
1,0.0024836855036855033,2026,2035
1,0.002487217305801376,2026,2034
1,0.002488440727988194,2025,2033
1,0.0024896653543307083,2024,2032
1,0.002490891186607582,2023,2031
1,0.002494482758620689,2022,2030
1,0.002495712173484475,2021,2029
1,0.0024998520710059167,2020,2028
1,0.0025010853478046368,2019,2027
1,0.0025023198420533067,2018,2026
1,0.002503555555555555,2017,2025
1,0.0025047924901185764,2016,2024
1,0.0025061789421651007,2015,2023
1,0.002507418397626112,2014,2022
1,0.002508659079663532,2013,2021
1,0.0025099009900990095,2012,2020
1,0.0025111441307578003,2011,2019
1,0.0025123885034687805,2010,2018
1,0.0025136341100644517,2009,2017
1,0.002514930555555555,2008,2016
1,0.0025161786600496274,2007,2015
1,0.002517428003972194,2006,2014
1,0.002518678589170392,2005,2013
1,0.002519930417495029,2004,2012
1,0.002521183490800596,2003,2011
1,0.0025259203980099497,2002,2010
1,0.0025271777003484314,2001,2009
1,0.002528436254980079,2000,2008
1,0.002529696063776781,1999,2007
1,0.0025338983050847454,1998,2006
1,0.0025352119700748125,1997,2005
1,0.002536526946107784,1996,2004
1,0.002537793310034947,1995,2003
1,0.0025390609390609385,1994,2002
1,0.002540329835082458,1993,2001
1,0.0025415999999999993,1992,2000
1,0.002542971485742871,1991,1999
1,0.0025442442442442435,1990,1998
1,0.0025455182774161236,1989,1997
1,0.002546793587174348,1988,1996
1,0.002548120300751879,1987,1995
1,0.0025511033099297887,1986,1994
1,0.0025524335173105865,1985,1993
1,0.002553815261044176,1985,1992
1,0.0025560522350577593,1984,1991
1,0.002557336683417085,1983,1990
1,0.002558622423328305,1982,1989
1,0.002635211267605633,1981,1988
1,0.0026380976346250624,1980,1987
1,0.002639425981873111,1979,1986
1,0.0026407556675062966,1978,1985
1,0.0026420866935483863,1977,1984
1,0.00264351991931417,1976,1983
1,0.0026448536831483343,1975,1982
1,0.002646188793538616,1974,1981
1,0.002647474747474747,1972,1980
1,0.0026488125315816064,1971,1979
1,0.00265015166835187,1970,1978
1,0.002651492159838138,1969,1977
1,0.0026528846153846147,1969,1976
1,0.0026542278481012653,1968,1975
1,0.0026556737588652474,1967,1974
1,0.0026595032944754177,1966,1973
1,0.0026764705882352936,1965,1972
1,0.002682039573820395,1964,1971
1,0.0026838071065989843,1963,1970
1,0.002689283900457084,1962,1969
1,0.0026939532520325197,1961,1968
1,0.0026964412811387893,1960,1967
1,0.0026985249237029495,1959,1966
1,0.0026998473282442742,1957,1965
1,0.0027012219959266794,1956,1964
1,0.002709271523178807,1955,1963
1,0.002710958205912334,1954,1962
1,0.002712646608873023,1953,1961
1,0.0027142346938775503,1952,1960
1,0.0027161306789178145,1951,1959
1,0.0027175178753830434,1950,1958
1,0.0027189064895247824,1949,1957
1,0.002720194274028629,1947,1956
1,0.0027219948849104853,1946,1955
1,0.0027234902763561917,1945,1954
1,0.0027279057859703015,1944,1953
1,0.002729303278688524,1943,1952
1,0.0027311635058944123,1942,1951
1,0.0027360512820512814,1941,1950
1,0.002737403796818881,1939,1949
1,0.0027389117043121144,1938,1948
1,0.0027404725218284536,1937,1947
1,0.0027444501541623837,1936,1946
1,0.0027458611825192797,1935,1945
1,0.0027544753086419745,1934,1944
1,0.0027558929490478635,1933,1943
1,0.0027573635427394433,1932,1942
1,0.0028390520350334873,1931,1941
1,0.002840670103092783,1930,1940
1,0.0028421351211964925,1929,1939
1,0.002843653250773993,1928,1938
1,0.002845121321631388,1927,1937
1,0.002847520661157024,1926,1936
1,0.0028490956072351413,1925,1935
1,0.0028505687693898647,1924,1934
1,0.002854112778065183,1923,1933
1,0.0028555900621118004,1922,1932
1,0.002857068876229932,1921,1931
1,0.0028586010362694294,1920,1930
1,0.0028600829445308445,1919,1929
1,0.002861566390041493,1918,1928
1,0.0028630513751946025,1917,1927
1,0.002865109034267912,1916,1926
1,0.002866597402597402,1915,1925
1,0.002870738045738045,1914,1924
1,0.002872282891315652,1913,1923
1,0.0028737773152965654,1912,1922
1,0.002875273295158771,1911,1921
1,0.0028787499999999994,1910,1920
1,0.002880250130276185,1909,1919
1,0.0028817518248175173,1908,1918
1,0.0028832550860719867,1907,1917
1,0.002885960334029227,1906,1916
1,0.0028874673629242812,1905,1915
1,0.0028889759665621725,1904,1914
1,0.0028904861474124406,1903,1913
1,0.00289199790794979,1902,1912
1,0.002893511250654107,1901,1911
1,0.0028950261780104703,1900,1910
1,0.0028965426925091665,1899,1909
1,0.0028980607966457017,1898,1908
1,0.002899580492920817,1897,1907
1,0.002901101783840503,1896,1906
1,0.0029027821522309705,1895,1905
1,0.002904306722689075,1894,1904
1,0.0029058328954282703,1893,1903
1,0.0029073606729758143,1892,1902
1,0.0029088900578642814,1891,1901
1,0.002910421052631578,1890,1900
1,0.0029170616113744067,1889,1899
1,0.0029185985247629077,1888,1898
1,0.0029201370585134417,1887,1897
1,0.0029216772151898726,1886,1896
1,0.002923218997361477,1885,1895
1,0.002924762407602956,1884,1894
1,0.0029263074484944525,1883,1893
1,0.0029278541226215636,1882,1892
1,0.0029296139608672653,1882,1891
1,0.0029311640211640206,1881,1890
1,0.002932715722604552,1880,1889
1,0.0029342690677966092,1879,1888
1,0.0029358240593534706,1878,1887
1,0.0029384411452810172,1877,1886
1,0.0029399999999999995,1876,1885
1,0.0029415605095541395,1875,1884
1,0.0029431226765799247,1874,1883
1,0.0029446865037194465,1873,1882
1,0.002946251993620414,1872,1881
1,0.0029478191489361693,1871,1880
1,0.0029493879723257043,1870,1879
1,0.0029509584664536735,1869,1878
1,0.0029525306339904093,1868,1877
1,0.0029541044776119395,1867,1876
1,0.002955679999999999,1866,1875
1,0.0029572572038420483,1865,1874
1,0.002958942872397223,1864,1873
1,0.0029605235042735037,1863,1872
1,0.00296215927311598,1862,1871
1,0.0029637433155080208,1861,1870
1,0.002965382557517388,1860,1869
1,0.0029669164882226975,1858,1868
1,0.0029685056239957142,1857,1867
1,0.0029700964630225072,1856,1866
1,0.0029716890080428945,1855,1865
1,0.0029731759656652355,1853,1864
1,0.002974771873322597,1852,1863
1,0.0029763694951664868,1851,1862
1,0.0029779688339602356,1850,1861
1,0.0029795698924731176,1849,1860
1,0.002982678859601936,1849,1859
1,0.0029842841765339067,1848,1858
1,0.0029858912224017225,1847,1857
1,0.0029874999999999993,1846,1856
1,0.002989056603773584,1844,1855
1,0.002990668824163969,1843,1854
1,0.0029922827846735017,1842,1853
1,0.0029939524838012953,1842,1852
1,0.002995623987034035,1842,1851
1,0.0029972972972972965,1841,1850
1,0.0029989724175229844,1841,1849
1,0.0030008116883116875,1840,1848
1,0.00300249052517596,1839,1847
1,0.0031648429035752972,1838,1846
1,0.00316661246612466,1838,1845
1,0.0031683839479392617,1837,1844
1,0.0031712967986977747,1836,1843
1,0.003173127035830618,1835,1842
1,0.0031749592612710475,1834,1841
1,0.003176739130434782,1834,1840
1,0.0031785753126699285,1834,1839
1,0.0031819912948857446,1833,1838
1,0.0031837778987479576,1832,1837
1,0.0031855664488017422,1831,1836
1,0.0031873024523160756,1830,1835
1,0.0031890403489640124,1829,1834
1,0.0031937806873977076,1828,1833
1,0.0031955786026200863,1827,1832
1,0.003197378481703986,1827,1831
1,0.003199125683060108,1826,1830
1,0.003200874794969928,1825,1829
1,0.003202625820568927,1824,1828
1,0.003204488232074438,1823,1827
1,0.003212212486308871,1822,1826
1,0.003216109589041095,1821,1825
1,0.0032179276315789465,1820,1824
1,0.0032197476686780025,1819,1823
1,0.0032216245883644338,1818,1822
1,0.003223448654585392,1817,1821
1,0.003225219780219779,1816,1820
1,0.0032269928532160518,1815,1819
1,0.0032371837183718362,1814,1818
1,0.0032419922949917437,1813,1817
1,0.0032453193832599108,1812,1816
1,0.003247107438016528,1811,1815
1,0.0032488974641675843,1810,1814
1,0.003257253171538885,1809,1813
1,0.0032590507726269306,1808,1812
1,0.003261512976256211,1807,1811
1,0.0032638121546961314,1806,1810
1,0.003265782200110557,1805,1809
1,0.0032686393805309725,1804,1808
1,0.0032710570005534023,1803,1807
1,0.003272923588039866,1802,1806
1,0.0032762326869806083,1801,1805
1,0.0032885254988913514,1800,1804
1,0.0032903494176372704,1799,1803
1,0.0032922308546059925,1798,1802
1,0.0034675735702387554,1797,1801
1,0.0034700555555555544,1796,1800
1,0.0035887715397443015,1795,1799
1,0.0035907675194660725,1794,1798
1,0.0036869782971619357,1793,1797
1,0.003691481069042315,1792,1796
1,0.0036953203342618376,1791,1795
1,0.0037110367892976576,1790,1794
1,0.003713106525376463,1789,1793
1,0.0037151785714285702,1788,1792
1,0.0037173087660524835,1787,1791
1,0.003721117318435753,1786,1790
1,0.0037232532140860806,1785,1789
1,0.003725615212527963,1784,1788
1,0.0037294907666480122,1783,1787
1,0.00373157894736842,1782,1786
1,0.0037336694677871135,1781,1785
1,0.0037357623318385637,1780,1784
1,0.003738923163208075,1779,1783
1,0.0037413580246913568,1778,1782
1,0.0037445255474452543,1777,1781
1,0.0037474719101123584,1776,1780
1,0.0037496346261944903,1775,1779
1,0.0037553993250843635,1774,1778
1,0.003761114237478896,1773,1777
1,0.003763288288288287,1772,1776
1,0.0037654647887323933,1771,1775
1,0.0037676437429537755,1770,1774
0.9999,0.00377501410039481,1769,1773
0.9999,0.0037772009029345363,1768,1772
0.9999,0.0037794466403162042,1767,1771
0.9999,0.003781581920903954,1766,1770
0.9999,0.003783719615602034,1765,1769
0.9999,0.003785859728506786,1764,1768
0.9999,0.00378788907753254,1763,1767
0.9999,0.0037900339750849363,1762,1766
0.9999,0.00379212464589235,1762,1765
0.9999,0.0037942743764172323,1761,1764
0.9999,0.0037965399886556992,1760,1763
0.9999,0.0037986946651532337,1759,1762
0.9999,0.0038010221465076648,1758,1761
0.9999,0.003803181818181817,1757,1760
0.9999,0.0038053439454235347,1756,1759
0.9999,0.003810011376564276,1755,1758
0.9999,0.0038120660216277736,1753,1757
0.9999,0.0038142369020501125,1752,1756
0.9999,0.003816410256410255,1751,1755
0.9999,0.0038185860889395655,1750,1754
0.9999,0.003821106674272674,1749,1753
0.9999,0.0038232876712328756,1748,1752
0.9999,0.0038256996002284395,1747,1751
0.9999,0.003827999999999999,1746,1750
0.9999,0.0038307032590051446,1745,1749
0.9999,0.003832894736842104,1744,1748
0.9999,0.0038350314825414985,1743,1747
0.9999,0.0038371706758304684,1741,1746
0.9999,0.0038392550143266464,1739,1745
0.9999,0.0038414564220183474,1738,1744
0.9999,0.0038435456110154894,1736,1743
0.9999,0.003845752009184844,1735,1742
0.9999,0.0038479609419873623,1734,1741
0.9999,0.003850574712643677,1733,1740
0.9999,0.0038530189764232306,1732,1739
0.9999,0.0038556962025316447,1731,1738
0.9999,0.003980080598733448,1730,1737
0.9999,0.0039823732718894,1729,1736
0.9999,0.003984610951008645,1728,1735
0.9999,0.003986908881199538,1727,1734
0.9999,0.003989151759953837,1726,1733
0.9999,0.003991916859122401,1725,1732
0.9999,0.0039942807625649905,1724,1731
0.9999,0.003996589595375722,1723,1730
0.9999,0.0040038172353961815,1722,1729
0.9999,0.004006192129629629,1721,1728
0.9999,0.004008453966415749,1720,1727
0.9999,0.004010892236384704,1719,1726
0.9999,0.004013449275362318,1718,1725
0.9999,0.004015835266821345,1717,1724
0.9999,0.004018049912942541,1716,1723
0.9999,0.004020383275261323,1715,1722
0.9999,0.004022661243463102,1714,1721
0.9999,0.004024999999999999,1713,1720
0.9999,0.004027283304246654,1711,1719
0.9999,0.004029685681024446,1711,1718
0.9999,0.004031974373907978,1709,1717
0.9999,0.004034324009324008,1708,1716
0.9999,0.004036676384839649,1707,1715
0.9999,0.004039031505250874,1706,1714
0.9999,0.004041330998248686,1704,1713
0.9999,0.004043574766355139,1702,1712
0.9999,0.004045938047925189,1701,1711
0.9999,0.004049005847953215,1700,1710
0.9999,0.004217905207723814,1699,1709
0.9999,0.004220316159250585,1698,1708
0.9999,0.004222964264792032,1698,1707
0.9999,0.00423516998827667,1698,1706
0.9999,0.004237653958944281,1697,1705
0.9999,0.0042401408450704215,1696,1704
0.9999,0.004242571931884908,1695,1703
0.9999,0.004245299647473559,1694,1702
0.9999,0.004247854203409758,1693,1701
0.9999,0.00425035294117647,1692,1700
0.9999,0.0042528546203649195,1691,1699
0.9999,0.004255359246171966,1690,1698
0.9999,0.004257925751325868,1689,1697
0.9999,0.0042604363207547164,1688,1696
0.9999,0.004262831858407079,1686,1695
0.9999,0.00426534828807556,1685,1694
0.9999,0.004267867690490253,1684,1693
0.9999,0.004270803782505909,1683,1692
0.9999,0.004273270254287403,1682,1691
0.9999,0.00427585798816568,1681,1690
0.9999,0.0042785079928952035,1680,1689
0.9999,0.004281101895734597,1679,1688
0.9999,0.004284173088322465,1678,1687
0.9999,0.004286773428232502,1677,1686
0.9999,0.004289376854599405,1676,1685
0.9999,0.004291923990498812,1675,1684
0.9999,0.004294474153297682,1674,1683
0.9999,0.004298810939357907,1673,1682
0.9999,0.004301368233194526,1672,1681
0.9999,0.004305238095238095,1671,1680
0.9999,0.004310720667063728,1670,1679
0.9999,0.004313289630512514,1669,1678
0.9999,0.004316100178890876,1668,1677
0.9999,0.004318675417661097,1667,1676
0.9999,0.0043212537313432825,1666,1675
0.9999,0.004324133811230584,1665,1674
0.9999,0.004326838015540944,1665,1673
0.9999,0.004333732057416267,1664,1672
0.9999,0.004336325553560741,1663,1671
0.9999,0.004338922155688622,1662,1670
0.9999,0.004341581785500299,1661,1669
0.9999,0.004344184652278177,1660,1668
0.9999,0.004346850629874025,1659,1667
0.9999,0.004349459783913564,1658,1666
0.9999,0.0043521321321321315,1657,1665
0.9999,0.0043548677884615375,1656,1664
0.9999,0.004357546602525555,1655,1663
0.9999,0.00436034897713598,1654,1662
0.9999,0.004362974111980733,1653,1661
0.9999,0.004365602409638554,1653,1660
0.9999,0.004368294153104278,1652,1659
0.9999,0.00437092882991556,1651,1658
0.9999,0.004374471937235968,1650,1657
0.9999,0.004377113526570047,1649,1656
0.9999,0.004379879154078549,1648,1655
0.9999,0.0043828899637243035,1647,1654
0.9999,0.004386630369026013,1646,1653
0.9999,0.004389346246973365,1645,1652
0.9999,0.0043921259842519675,1644,1651
0.9999,0.004394969696969696,1643,1650
0.9999,0.0043975742874469365,1642,1649
0.9999,0.004400242718446601,1641,1648
0.9999,0.004405646630236793,1640,1647
0.9999,0.004408383961117861,1639,1646
0.9999,0.004411003039513677,1638,1645
0.9999,0.004415206812652068,1637,1644
0.9999,0.004417954960438222,1636,1643
0.9999,0.00442082825822168,1635,1642
0.9999,0.004423583180987202,1634,1641
0.9999,0.004428414634146341,1633,1640
0.9999,0.004433557046979865,1632,1639
0.9999,0.004436630036630036,1631,1638
0.9999,0.004439401343921808,1630,1637
0.9999,0.00444223716381418,1629,1636
0.9999,0.004445137614678898,1629,1635
0.9999,0.004447796817625458,1628,1634
0.9999,0.004450581751377832,1627,1633
0.9999,0.004453308823529411,1626,1632
0.9999,0.004458859595340281,1625,1631
0.9999,0.0044615950920245395,1624,1630
0.9999,0.00446439533456108,1623,1629
0.9999,0.004470147420147419,1622,1628
0.9999,0.004474431468961278,1621,1627
0.9999,0.004477183271832718,1620,1626
0.9999,0.00448,1619,1625
0.9999,0.004482758620689654,1618,1624
0.9999,0.004485459026494146,1617,1623
0.9999,0.0044882244143033285,1616,1622
0.9999,0.004491980259099321,1616,1621
0.9999,0.004494691358024691,1615,1620
0.9999,0.00450401482396541,1614,1619
0.9999,0.00450716934487021,1613,1618
0.9999,0.004509894867037723,1612,1617
0.9999,0.004512623762376237,1611,1616
0.9999,0.004515417956656346,1610,1615
0.9999,0.004520941759603469,1609,1614
0.9999,0.004623248605083694,1608,1613
0.9999,0.0046262406947890815,1607,1612
0.9999,0.004629112352576039,1606,1611
0.9999,0.004632049689440993,1605,1610
0.9999,0.004634928527035425,1604,1609
0.9999,0.004640796019900497,1603,1608
0.9999,0.004659365276913503,1602,1607
0.9999,0.004662453300124532,1601,1606
0.9999,0.004665607476635514,1600,1605
0.9999,0.004668890274314214,1599,1604
0.9999,0.004671990018714909,1598,1603
0.9999,0.004674968789013733,1597,1602
0.9999,0.0046778888194878195,1596,1601
0.9999,0.004680937499999999,1595,1600
0.9999,0.0046849280800500305,1594,1599
0.9999,0.004688297872340425,1593,1598
0.9999,0.0046921728240450844,1592,1597
0.9999,0.004695300751879699,1591,1596
0.9999,0.004699937304075235,1590,1595
0.9999,0.004702823086574655,1589,1594
0.9999,0.004705900816070307,1588,1593
0.9999,0.004708919597989949,1587,1592
0.9999,0.004883658076681332,1586,1591
0.9999,0.004887169811320754,1585,1590
0.9999,0.004892259282567652,1584,1589
0.9999,0.004895277078085642,1583,1588
0.9999,0.00489855072463768,1582,1587
0.9999,0.004913997477931904,1581,1586
0.9999,0.004917097791798107,1580,1585
0.9999,0.00492020202020202,1579,1584
0.9998,0.004925710675931775,1578,1583
0.9998,0.004928950695322377,1577,1582
0.9998,0.004939152435167615,1576,1581
0.9998,0.004942215189873417,1575,1580
0.9998,0.004945408486383787,1574,1579
0.9998,0.004948542458808618,1573,1578
0.9998,0.004951680405833861,1572,1577
0.9998,0.00495488578680203,1571,1576
0.9998,0.004958031746031746,1570,1575
0.9998,0.0050921855146124516,1569,1574
0.9998,0.005095549904640813,1568,1573
0.9998,0.005098727735368957,1567,1572
0.9998,0.005102100572883513,1566,1571
0.9998,0.005105286624203821,1564,1570
0.9998,0.0051083492670490754,1562,1569
0.9998,0.0051114795918367345,1560,1568
0.9998,0.005114932992980216,1559,1567
0.9998,0.005122158365261813,1558,1566
0.9998,0.00512517571884984,1557,1565
0.9998,0.0051343350383631714,1556,1564
0.9998,0.005137428023032629,1555,1563
0.9998,0.0051434058898847624,1554,1562
0.9998,0.005243497757847534,1553,1561
0.9998,0.005277435897435897,1552,1560
0.9998,0.005280756895445798,1551,1559
0.9998,0.005284146341463414,1550,1558
0.9998,0.005287411689145793,1549,1557
0.9998,0.005290681233933161,1548,1556
0.9998,0.005294083601286173,1547,1555
0.9998,0.0052974903474903474,1546,1554
0.9998,0.0053007726980038635,1544,1553
0.9998,0.005304188144329897,1543,1552
0.9998,0.005307865892972275,1542,1551
0.9998,0.005311483870967742,1541,1550
0.9998,0.005331762427372498,1540,1549
0.9998,0.005335142118863049,1538,1548
0.9998,0.00533884938590821,1537,1547
0.9998,0.005342173350582147,1535,1546
0.9998,0.005345954692556634,1535,1545
0.9998,0.005349352331606217,1534,1544
0.9998,0.005352754374594945,1533,1543
0.9998,0.00535609597924773,1532,1542
0.9998,0.005361842959117456,1531,1541
0.9998,0.005367662337662338,1530,1540
0.9998,0.005371150097465887,1529,1539
0.9998,0.00537444733420026,1528,1538
0.9998,0.005379375406636305,1527,1537
0.9998,0.005382877604166667,1526,1536
0.9998,0.005386384364820847,1526,1535
0.9998,0.005389765319426336,1525,1534
0.9998,0.005396477495107632,1524,1533
0.9998,0.0054,1523,1532
0.9998,0.005403527106466362,1522,1531
0.9998,0.00540718954248366,1521,1530
0.9998,0.005411183780248529,1520,1529
0.9998,0.005414725130890053,1519,1528
0.9998,0.005418140144073346,1518,1527
0.9998,0.005421625163826999,1517,1526
0.9998,0.005425114754098361,1516,1525
0.9998,0.005430446194225722,1515,1524
0.9998,0.005436178594878529,1514,1523
0.9998,0.00543988173455979,1514,1522
0.9998,0.005443326758711374,1512,1521
0.9998,0.0054519078947368425,1512,1520
0.9998,0.005455694535878868,1511,1519
0.9998,0.005459222661396574,1509,1518
0.9998,0.005462887277521424,1509,1517
0.9998,0.005469129287598945,1508,1516
0.9998,0.005475775577557756,1507,1515
0.9998,0.005479458388375166,1506,1514
0.9998,0.005485327164573695,1505,1513
0.9998,0.005490211640211641,1504,1512
0.9998,0.005494904037061549,1503,1511
0.9998,0.005498543046357616,1502,1510
0.9998,0.005502186878727635,1501,1509
0.9998,0.005505835543766578,1500,1508
0.9998,0.005509489051094891,1499,1507
0.9998,0.005513346613545817,1498,1506
0.9998,0.005517142857142858,1497,1505
0.9998,0.005520678191489362,1496,1504
0.9998,0.005524683965402529,1495,1503
0.9998,0.005529427430093209,1495,1502
0.9998,0.005534110592938042,1494,1501
0.9998,0.005538733333333334,1493,1500
0.9998,0.005542628418945965,1492,1499
0.9998,0.005547997329773032,1491,1498
0.9998,0.005552638610554443,1490,1497
0.9998,0.005556283422459894,1489,1496
0.9998,0.005560602006688964,1488,1495
0.9998,0.005564725568942437,1487,1494
0.9998,0.005568787675820496,1486,1493
0.9998,0.005572520107238607,1485,1492
0.9998,0.0055824279007377605,1484,1491
0.9998,0.005586711409395974,1483,1490
0.9998,0.005590530557421089,1482,1489
0.9998,0.005595497311827958,1481,1488
0.9998,0.005599327505043713,1481,1487
0.9998,0.0056051144010767166,1480,1486
0.9998,0.00560936026936027,1479,1485
0.9997,0.0056128706199460926,1477,1484
0.9997,0.005616520566419421,1476,1483
0.9997,0.0056210526315789485,1475,1482
0.9997,0.005624848075624579,1474,1481
0.9997,0.005628581081081082,1473,1480
0.9997,0.005632251521298175,1472,1479
0.9997,0.005636265223274696,1471,1478
0.9997,0.005639945836154368,1469,1477
0.9997,0.005644918699186993,1468,1476
0.9997,0.005796813559322035,1468,1475
0.9997,0.005805291723202172,1467,1474
0.9997,0.006018329938900205,1466,1473
0.9997,0.006022418478260871,1465,1472
0.9997,0.0060265125764785875,1464,1471
0.9997,0.0060374149659863955,1463,1470
0.9997,0.0060427501701838,1462,1469
0.9997,0.0060470708446866495,1461,1468
0.9997,0.006052147239263805,1460,1467
0.9997,0.0060562073669849946,1459,1466
0.9997,0.006060273037542663,1458,1465
0.9997,0.0060644808743169415,1457,1464
0.9997,0.0060709501025290515,1456,1463
0.9997,0.006077154582763339,1455,1462
0.9997,0.006081245722108147,1454,1461
0.9997,0.006085000000000001,1452,1460
0.9997,0.006089170664838932,1452,1459
0.9997,0.0060933470507544595,1451,1458
0.9997,0.0060973919011667824,1450,1457
0.9997,0.006106043956043957,1449,1456
0.9997,0.006110515463917527,1448,1455
0.9997,0.006119669876203578,1447,1454
0.9997,0.006123881624225741,1446,1453
0.9997,0.006127892561983472,1444,1452
0.9997,0.006137560303239147,1444,1451
0.9997,0.006141862068965519,1443,1450
0.9997,0.006146100759144239,1442,1449
0.9997,0.006150276243093924,1441,1448
0.9997,0.006154733932273671,1440,1447
0.9997,0.006160165975103736,1439,1446
0.9997,0.006164498269896195,1438,1445
0.9997,0.00616959833795014,1437,1444
0.9997,0.006173943173943175,1436,1443
0.9997,0.006179403606102637,1435,1442
0.9997,0.00618348369188064,1434,1441
0.9997,0.006187847222222224,1433,1440
0.9997,0.0061918693537178614,1432,1439
0.9997,0.0061962447844228115,1431,1438
0.9997,0.006202505219206682,1430,1437
0.9997,0.006208704735376046,1430,1436
0.9997,0.006213031358885019,1429,1435
0.9997,0.006217433751743377,1428,1434
0.9997,0.0062280530355896735,1427,1433
0.9997,0.006236941340782125,1426,1432
0.9997,0.006241439552760309,1425,1431
0.9997,0.006245874125874127,1424,1430
0.9997,0.006250454863540939,1423,1429
0.9997,0.006255112044817929,1422,1428
0.9997,0.006260056061667837,1421,1427
0.9997,0.006264375876577842,1419,1426
0.9997,0.006269894736842107,1418,1425
0.9997,0.006275351123595507,1417,1424
0.9997,0.00627969079409698,1415,1423
0.9996,0.006283755274261606,1414,1422
0.9996,0.006288106966924703,1413,1421
0.9996,0.0062940845070422555,1412,1420
0.9996,0.006298167723749122,1411,1419
0.9996,0.006302468265162202,1410,1418
0.9996,0.006306774876499649,1408,1417
0.9996,0.006311158192090398,1407,1416
0.9996,0.006315830388692582,1406,1415
0.9996,0.006320155586987272,1405,1414
0.9996,0.006325548478414723,1404,1413
0.9996,0.006330665722379606,1404,1412
0.9996,0.0063350106307583295,1402,1411
0.9996,0.006339503546099293,1401,1410
0.9996,0.006346344925479065,1400,1409
0.9996,0.006350781250000002,1399,1408
0.9996,0.006355721393034829,1399,1407
0.9996,0.006362944523470842,1398,1406
0.9996,0.006369395017793596,1397,1405
0.9996,0.006426068376068379,1396,1404
0.9996,0.006431290092658591,1395,1403
0.9996,0.006436019971469332,1394,1402
0.9996,0.006440328336902216,1393,1401
0.9996,0.006445071428571431,1393,1400
0.9996,0.00645032165832738,1392,1399
0.9996,0.006454864091559373,1390,1398
0.9996,0.0064626342161775265,1389,1397
0.9996,0.006467335243553011,1388,1396
0.9996,0.006471612903225809,1386,1395
0.9996,0.00647604017216643,1384,1394
0.9996,0.006480976310122042,1383,1393
0.9996,0.00648541666666667,1382,1392
0.9996,0.006490438533429191,1381,1391
0.9996,0.0064984172661870536,1380,1390
0.9996,0.006503383729301659,1379,1389
0.9996,0.006507780979827092,1378,1388
0.9996,0.006514635904830573,1377,1387
0.9996,0.0065193362193362225,1376,1386
0.9996,0.006523826714801447,1375,1385
0.9996,0.006529841040462431,1374,1384
0.9996,0.006545697758496026,1373,1383
0.9996,0.006550651230101305,1372,1382
0.9996,0.0065558291093410605,1371,1381
0.9996,0.006562246376811597,1370,1380
0.9996,0.006566860043509793,1368,1379
0.9996,0.00657148040638607,1367,1378
0.9996,0.006577632534495283,1367,1377
0.9996,0.006582485465116282,1366,1376
0.9996,0.006587272727272731,1365,1375
0.9996,0.006592066957787485,1364,1374
0.9996,0.006596722505462494,1363,1373
0.9996,0.006602915451895047,1362,1372
0.9996,0.006607731582786291,1361,1371
0.9996,0.006612554744525551,1360,1370
0.9996,0.006617457998539083,1359,1369
0.9996,0.0066225146198830446,1358,1368
0.9996,0.006637234820775424,1357,1367
0.9996,0.006642606149341146,1356,1366
0.9996,0.006647692307692311,1356,1365
0.9996,0.0066526392961876865,1355,1364
0.9996,0.006661922230374178,1355,1363
0.9995,0.006674743024963293,1354,1362
0.9995,0.006679426891991186,1352,1361
0.9995,0.006687720588235298,1351,1360
0.9995,0.006692641648270791,1350,1359
0.9995,0.006697569955817382,1349,1358
0.9995,0.006703021370670601,1348,1357
0.9995,0.006707743362831862,1347,1356
0.9995,0.0067140959409594135,1347,1355
0.9995,0.0068691285081240805,1346,1354
0.9995,0.0068740576496674095,1345,1353
0.9995,0.006879511834319531,1344,1352
0.9995,0.006884752035529242,1343,1351
0.9995,0.006889851851851856,1342,1350
0.9995,0.006894885100074133,1341,1349
0.9995,0.006899480712166176,1339,1348
0.9995,0.006904454342984414,1338,1347
0.9995,0.006910326894502233,1338,1346
0.9995,0.006915390334572495,1337,1345
0.9995,0.006920610119047623,1336,1344
0.9995,0.006925912137006706,1335,1343
0.9995,0.006931892697466473,1334,1342
0.9995,0.006936763609246836,1332,1341
0.9995,0.0069439552238806015,1331,1340
0.9995,0.006949290515309937,1330,1339
0.9995,0.006954110612855012,1328,1338
0.9995,0.006958863126402398,1327,1337
0.9995,0.0069645958083832385,1327,1336
0.9995,0.006969812734082402,1326,1335
0.9995,0.006974962518740635,1325,1334
0.9995,0.00697996999249813,1323,1333
0.9995,0.00698543543543544,1322,1332
0.9995,0.0069906836964688255,1321,1331
0.9995,0.006996842105263163,1320,1330
0.9995,0.007002558314522202,1319,1329
0.9995,0.007012123493975909,1318,1328
0.9995,0.007017256970610405,1317,1327
0.9995,0.00702277526395174,1316,1326
0.9994,0.007028150943396231,1315,1325
0.9994,0.007033610271903329,1314,1324
0.9994,0.007038851095993958,1313,1323
0.9994,0.007043872919818462,1312,1322
0.9994,0.007048523845571542,1311,1321
0.9994,0.007053484848484853,1310,1320
0.9994,0.007058680818802128,1309,1319
0.9994,0.007064036418816393,1308,1318
0.9994,0.007073576309794993,1307,1317
0.9994,0.00708024316109423,1306,1316
0.9994,0.007280152091254758,1305,1315
0.9994,0.0072932267884322725,1304,1314
0.9994,0.007439375476009144,1303,1313
0.9994,0.007446189024390248,1302,1312
0.9994,0.007451945080091538,1301,1311
0.9994,0.007457022900763363,1300,1310
0.9994,0.007462184873949585,1299,1309
0.9994,0.00746766055045872,1298,1308
0.9994,0.007484697781178275,1297,1307
0.9994,0.007490275650842271,1296,1306
0.9994,0.007495938697318012,1295,1305
0.9994,0.007501457055214728,1294,1304
0.9994,0.007506983883346129,1293,1303
0.9994,0.0075123655913978534,1292,1302
0.9994,0.007519215987701772,1291,1301
0.9994,0.007525000000000004,1290,1300
0.9994,0.007530792917628949,1289,1299
0.9994,0.007538366718027739,1288,1298
0.9994,0.007546491904394761,1288,1297
0.9994,0.007552391975308646,1287,1296
0.9994,0.007558301158301162,1286,1295
0.9994,0.007563833075734162,1285,1294
0.9994,0.00756976024748647,1284,1293
0.9994,0.0075759287925696635,1283,1292
0.9994,0.007582029434546867,1282,1291
0.9993,0.00758806201550388,1281,1290
0.9993,0.0075933281613654036,1279,1289
0.9993,0.007598913043478265,1277,1288
0.9993,0.007605205905205909,1277,1287
0.9993,0.007610419906687407,1275,1286
0.9993,0.007615953307393,1274,1285
0.9993,0.007621651090342683,1273,1284
0.9993,0.00762992985190959,1272,1283
0.9993,0.00763564742589704,1271,1282
0.9993,0.007795862607338021,1270,1281
0.9993,0.007803125000000004,1269,1280
0.9993,0.007808209538702114,1267,1279
0.9993,0.00781439749608764,1267,1278
0.9993,0.007820438527799534,1266,1277
0.9993,0.007827115987460819,1265,1276
0.9993,0.00783301960784314,1263,1275
0.9993,0.007838540031397178,1262,1274
0.9993,0.007844776119402989,1261,1273
0.9993,0.00785047169811321,1260,1272
0.9993,0.007857907159716761,1259,1271
0.9993,0.0078637795275590585,1257,1270
0.9993,0.007869661150512217,1256,1269
0.9993,0.007876735015772874,1255,1268
0.9993,0.007885161799526443,1254,1267
0.9993,0.007892812006319118,1253,1266
0.9993,0.007899604743083006,1252,1265
0.9993,0.0079059335443038,1252,1264
0.9993,0.007911876484560572,1251,1263
0.9993,0.007918304278922348,1250,1262
0.9993,0.007929183187946076,1249,1261
0.9993,0.007935714285714287,1248,1260
0.9993,0.007942096902303417,1247,1259
0.9993,0.007980445151033388,1246,1258
0.9992,0.007989339697692922,1245,1257
0.9992,0.007995700636942677,1244,1256
0.9992,0.008001752988047811,1242,1255
0.9992,0.008239074960127594,1241,1254
0.9992,0.00830223463687151,1240,1253
0.9992,0.008310782747603836,1239,1252
0.9992,0.008323021582733816,1238,1251
0.9992,0.008333760000000003,1237,1250
0.9992,0.008340672538030426,1236,1249
0.9992,0.008474278846153848,1235,1248
0.9992,0.008480994386527668,1234,1247
0.9992,0.008492776886035315,1233,1246
0.9992,0.008499598393574299,1232,1245
0.9992,0.008506672025723475,1231,1244
0.9992,0.008513515687851973,1230,1243
0.9992,0.008520450885668279,1229,1242
0.9992,0.008527155519742145,1228,1241
0.9992,0.00853451612903226,1227,1240
0.9992,0.008541000807102505,1226,1239
0.9992,0.008548142164781908,1226,1238
0.9992,0.00855472918350849,1225,1237
0.9992,0.008576294498381879,1224,1236
0.9992,0.00858267206477733,1223,1235
0.9992,0.008589059967585091,1222,1234
0.9992,0.008597729115977294,1221,1233
0.9992,0.008605844155844158,1220,1232
0.9992,0.0086123476848091,1218,1231
0.9992,0.008619430894308945,1217,1230
0.9992,0.008626606997558992,1216,1229
0.9992,0.008633794788273617,1215,1228
0.9992,0.008642053789731053,1214,1227
0.9992,0.008649510603588909,1214,1226
0.9992,0.008658204081632655,1213,1225
0.9992,0.008664787581699349,1212,1224
0.9991,0.008671790678659037,1211,1223
0.9991,0.008684288052373161,1210,1222
0.9991,0.008691236691236693,1209,1221
0.9991,0.008697786885245903,1207,1220
0.9991,0.008704183757178017,1206,1219
0.9991,0.008711658456486044,1205,1218
0.9991,0.008718816762530815,1204,1217
0.9991,0.008725328947368423,1202,1216
0.9991,0.008731934156378603,1201,1215
0.9991,0.008739126853377266,1200,1214
0.9991,0.008746331409727949,1199,1213
0.9991,0.00876782178217822,1198,1212
0.9991,0.008919322873658136,1197,1211
0.9991,0.00892719008264463,1196,1210
0.9991,0.008934656741108356,1195,1209
0.9991,0.008942880794701989,1194,1208
0.9991,0.008950372825186414,1193,1207
0.9991,0.008958374792703153,1193,1206
0.9991,0.008967966804979254,1193,1205
0.9991,0.008974916943521597,1192,1204
0.9991,0.00898204488778055,1191,1203
0.9991,0.008989767054908487,1190,1202
0.9991,0.008997169025811824,1189,1201
0.9991,0.009010833333333334,1189,1200
0.9991,0.009029691409507925,1188,1199
0.9991,0.009037395659432389,1187,1198
0.9991,0.00904887218045113,1186,1197
0.9991,0.009056856187290971,1185,1196
0.9991,0.009064100418410043,1183,1195
0.9991,0.009071273031825797,1182,1194
0.9991,0.009078038558256498,1181,1193
0.9991,0.009086744966442954,1180,1192
0.9991,0.009094206549118388,1178,1191
0.9991,0.009101848739495799,1177,1190
0.9991,0.00910883095037847,1176,1189
0.9991,0.009116329966329967,1175,1188
0.999,0.009123841617523169,1174,1187
0.999,0.009131112984822935,1173,1186
0.999,0.009138565400843884,1172,1185
0.999,0.009146199324324325,1171,1184
0.999,0.00915570583262891,1170,1183
0.999,0.009162859560067684,1169,1182
0.999,0.009169856054191364,1168,1181
0.999,0.00917813559322034,1167,1180
0.999,0.009186513994910942,1166,1179
0.999,0.00919584040747029,1165,1178
0.999,0.009203738317757011,1164,1177
0.999,0.009331972789115647,1163,1176
0.999,0.009346212765957448,1162,1175
0.999,0.009352981260647361,1161,1174
0.999,0.009360954816709293,1160,1173
0.999,0.00936868600682594,1158,1172
0.999,0.009376601195559352,1157,1171
0.999,0.009397179487179488,1156,1170
0.999,0.009406415739948675,1155,1169
0.999,0.009414212328767125,1154,1168
0.999,0.009421165381319624,1153,1167
0.999,0.009428902229845628,1152,1166
0.999,0.00943639484978541,1150,1165
0.999,0.009444329896907218,1149,1164
0.999,0.009452192605331042,1147,1163
0.999,0.009462478485370053,1147,1162
0.999,0.009469595176571921,1146,1161
0.999,0.009477586206896553,1144,1160
0.999,0.009485763589301123,1143,1159
0.999,0.009494214162348878,1142,1158
0.999,0.009502333621434746,1141,1157
0.9989,0.00951038062283737,1139,1156
0.9989,0.00951852813852814,1138,1155
0.9989,0.009525996533795496,1138,1154
0.9989,0.009533998265394625,1137,1153
0.9989,0.00954123263888889,1136,1152
0.9989,0.009548132059079064,1134,1151
0.9989,0.009556260869565219,1133,1150
0.9989,0.009563968668407311,1132,1149
0.9989,0.00957186411149826,1131,1148
0.9989,0.009578552746294683,1129,1147
0.9989,0.009586736474694591,1128,1146
0.9989,0.009595545851528386,1127,1145
0.9989,0.009602534965034966,1125,1144
0.9989,0.009611111111111112,1124,1143
0.9989,0.009620140105078811,1123,1142
0.9989,0.00962857142857143,1122,1141
0.9989,0.009636929824561404,1121,1140
0.9989,0.009647322212467078,1120,1139
0.9989,0.00965553602811951,1119,1138
0.9989,0.009673614775725595,1118,1137
0.9989,0.009682218309859157,1117,1136
0.9989,0.009690396475770927,1116,1135
0.9989,0.0096989417989418,1115,1134
0.9989,0.0097075022065313335,1114,1133
0.9989,0.009715724381625443,1112,1132
0.9989,0.009724403183023873,1111,1131
0.9989,0.009732123893805312,1110,1130
0.9989,0.009740301151461472,1109,1129
0.9989,0.009748670212765959,1108,1128
0.9989,0.009764330079858032,1107,1127
0.9989,0.009773623445825934,1106,1126
0.9989,0.009784000000000001,1106,1125
0.9989,0.009791814946619218,1105,1124
0.9988,0.009799465716829922,1104,1123
0.9988,0.009808556149732622,1103,1122
0.9988,0.0098171275646744,1102,1121
0.9988,0.009825625000000001,1101,1120
0.9988,0.009833869526362825,1100,1119
0.9988,0.009841055456171737,1099,1118
0.9988,0.009858907788719787,1098,1117
0.9988,0.009867652329749106,1097,1116
0.9988,0.009876412556053813,1096,1115
0.9988,0.009884739676840218,1094,1114
0.9988,0.009894339622641512,1093,1113
0.9988,0.009903687050359714,1092,1112
0.9988,0.009915391539153917,1091,1111
0.9988,0.009924774774774776,1091,1110
0.9988,0.009933633904418397,1090,1109
0.9988,0.009943501805054154,1089,1108
0.9987,0.009952574525745259,1088,1107
0.9987,0.0099623869801085,1087,1106
0.9987,0.009971312217194571,1086,1105
0.9987,0.009982971014492754,1085,1104
0.9987,0.009991568449682684,1083,1103
0.9987,0.010000272232304902,1082,1102
0.9987,0.010010081743869212,1081,1101
0.9987,0.01001809090909091,1080,1100
0.9987,0.010031756141947226,1079,1099
0.9987,0.0100396174863388,1078,1098
0.9987,0.010048040109389245,1077,1097
0.9987,0.01005748175182482,1077,1096
0.9987,0.010065936073059362,1076,1095
0.9987,0.010082723948811703,1075,1094
0.9987,0.010093504117108876,1074,1093
0.9987,0.010102930402930406,1073,1092
0.9987,0.010112282309807518,1073,1091
0.9987,0.010121651376146791,1072,1090
0.9986,0.010130486685032141,1071,1089
0.9986,0.010139338235294119,1070,1088
0.9986,0.01014921803127875,1069,1087
0.9986,0.010158931860036835,1068,1086
0.9986,0.010170322580645163,1067,1085
0.9986,0.010181826568265684,1066,1084
0.9986,0.010191597414589106,1065,1083
0.9986,0.010200092421441776,1063,1082
0.9986,0.010209713228492139,1063,1081
0.9986,0.010217962962962965,1062,1080
0.9986,0.0102436515291937,1061,1079
0.9986,0.010259276437847869,1060,1078
0.9986,0.010268523676880225,1059,1077
0.9986,0.010278810408921936,1058,1076
0.9986,0.010291627906976747,1057,1075
0.9986,0.01030009310986965,1055,1074
0.9986,0.010310624417520972,1054,1073
0.9985,0.010376026119402987,1053,1072
0.9985,0.01043510737628385,1052,1071
0.9985,0.010444299065420564,1051,1070
0.9985,0.010453788587464924,1050,1069
0.9985,0.010463014981273411,1049,1068
0.9985,0.010472727272727276,1048,1067
0.9985,0.010482645403377113,1047,1066
0.9985,0.010492676056338033,1046,1065
0.9985,0.010501127819548876,1045,1064
0.9985,0.010512605832549392,1044,1063
0.9985,0.01052193973634652,1043,1062
0.9985,0.010532516493873708,1042,1061
0.9985,0.010542735849056607,1041,1060
0.9985,0.010552596789423989,1040,1059
0.9985,0.010564177693761818,1039,1058
0.9985,0.01057284768211921,1038,1057
0.9984,0.010581534090909095,1037,1056
0.9984,0.01060236966824645,1036,1055
0.9984,0.010614800759013287,1035,1054
0.9984,0.010773314339981011,1034,1053
0.9984,0.010881939163498102,1033,1052
0.9984,0.010890485252140822,1032,1051
0.9984,0.010916000000000004,1031,1050
0.9984,0.01092354623450906,1029,1049
0.9984,0.010933110687022905,1028,1048
0.9984,0.010942693409742124,1027,1047
0.9984,0.01095200764818356,1025,1046
0.9984,0.010962009569377994,1024,1045
0.9984,0.010972701149425291,1023,1044
0.9983,0.0109830297219559,1022,1043
0.9983,0.010993857965451059,1021,1042
0.9983,0.011010182516810763,1020,1041
0.9983,0.01124567307692308,1019,1040
0.9983,0.011255630413859484,1018,1039
0.9983,0.011265510597302507,1017,1038
0.9983,0.011278109932497593,1016,1037
0.9983,0.011297779922779926,1015,1036
0.9983,0.011310628019323674,1014,1035
0.9983,0.011321663442940041,1013,1034
0.9983,0.011333010648596323,1012,1033
0.9983,0.011342151162790701,1011,1032
0.9983,0.011352861299709024,1010,1031
0.9983,0.011369805825242722,1009,1030
0.9982,0.011578911564625854,1008,1029
0.9982,0.011589299610894945,1007,1028
0.9982,0.011599026290165532,1006,1027
0.9982,0.011610233918128657,1005,1026
0.9982,0.01162087804878049,1003,1025
0.9982,0.011630859375000002,1002,1024
0.9982,0.011642521994134899,1001,1023
0.9982,0.011653718199608613,1000,1022
0.9982,0.011664152791381001,999,1021
0.9982,0.011672549019607846,998,1020
0.9982,0.011683120706575076,997,1019
0.9982,0.011694302554027506,996,1018
0.9982,0.011705211406096363,995,1017
0.9982,0.011716043307086615,994,1016
0.9982,0.011726699507389164,993,1015
0.9982,0.011736785009861935,992,1014
0.9981,0.011748075024679172,991,1013
0.9981,0.01204624505928854,990,1012
0.9981,0.012067260138476758,989,1011
0.9981,0.01207742574257426,988,1010
0.9981,0.01208771060455897,987,1009
0.9981,0.012100297619047622,987,1008
0.9981,0.012112214498510429,986,1007
0.9981,0.012127534791252488,985,1006
0.9981,0.012135422885572142,984,1005
0.9981,0.012148107569721118,983,1004
0.9981,0.012158624127617151,982,1003
0.9981,0.012171556886227546,981,1002
0.9981,0.012182117882117883,980,1001
0.9981,0.012194400000000001,979,1000
0.9981,0.012206806806806808,978,999
0.9981,0.012217234468937877,977,998
0.998,0.012231895687061185,977,997
0.998,0.012244377510040162,976,996
0.998,0.012451055276381911,975,995
0.998,0.012465492957746481,975,994
0.998,0.012483282980866064,974,993
0.998,0.012516229838709678,974,992
0.998,0.012525529767911202,973,991
0.998,0.01253959595959596,972,990
0.998,0.012551668351870578,971,989
0.998,0.012565283400809719,970,988
0.998,0.012578318135764946,969,987
0.998,0.01259056795131846,968,986
0.998,0.012601319796954316,966,985
0.998,0.012613008130081302,966,984
0.998,0.01262502543234995,965,983
0.9979,0.01264022403258656,964,982
0.9979,0.012655555555555557,963,981
0.9979,0.012668163265306124,962,980
0.9979,0.012679775280898878,961,979
0.9979,0.01282116564417178,960,978
0.9979,0.01283398157625384,959,977
0.9979,0.012847336065573773,958,976
0.9979,0.012858666666666668,956,975
0.9979,0.012873203285420945,955,974
0.9978,0.012884480986639262,954,973
0.9978,0.012900000000000002,953,972
0.9978,0.012913903192584966,952,971
0.9978,0.012927113402061857,951,970
0.9978,0.012944478844169249,950,969
0.9978,0.012956095041322316,950,968
0.9978,0.012967114788004138,949,967
0.9978,0.01297888198757764,948,966
0.9978,0.012992642487046634,947,965
0.9978,0.013006535269709546,946,964
0.9978,0.01302097611630322,945,963
0.9978,0.013043243243243244,944,962
0.9978,0.013057023933402707,943,961
0.9978,0.013070312500000002,942,960
0.9977,0.013110948905109492,941,959
0.9977,0.013124425887265138,940,958
0.9977,0.013141588296760712,940,957
0.9977,0.013154184100418412,939,956
0.9977,0.01316628272251309,938,955
0.9977,0.01317756813417191,937,954
0.9977,0.013194333683105984,936,953
0.9977,0.013205987394957985,935,952
0.9977,0.013224815983175608,934,951
0.9977,0.013238000000000002,933,950
0.9977,0.013251001053740783,932,949
0.9976,0.013264240506329116,931,948
0.9976,0.01327750791974657,929,947
0.9976,0.013289217758985204,928,946
0.9976,0.013300952380952384,926,945
0.9976,0.013312605932203393,925,944
0.9976,0.01333351007423118,924,943
0.9976,0.013565286624203825,923,942
0.9976,0.013583421891604679,922,941
0.9976,0.01359425531914894,921,940
0.9976,0.013610117145899896,921,939
0.9976,0.013624733475479748,920,938
0.9976,0.013636712913553898,919,937
0.9976,0.013647970085470088,918,936
0.9976,0.013666417112299468,917,935
0.9976,0.013681156316916491,916,934
0.9975,0.013805894962486605,915,933
0.9975,0.013819957081545067,914,932
0.9975,0.013835230934479057,913,931
0.9975,0.013850215053763444,912,930
0.9975,0.0139205597416577,911,929
0.9975,0.01393556034482759,910,928
0.9975,0.01395253505933118,909,927
0.9975,0.013965874730021602,907,926
0.9975,0.013980000000000003,905,925
0.9975,0.013991774891774895,904,924
0.9975,0.01400606717226436,903,923
0.9975,0.014019197396963128,901,922
0.9975,0.014034744842562437,900,921
0.9975,0.014050326086956525,899,920
0.9975,0.01406572361262242,898,919
0.9975,0.014082352941176475,897,918
0.9975,0.014099563794983646,896,917
0.9975,0.014114301310043672,894,916
0.9975,0.014132021857923501,893,915
0.9974,0.014145623632385125,892,914
0.9974,0.014158707557502743,891,913
0.9974,0.014420614035087723,890,912
0.9974,0.014439077936333703,889,911
0.9974,0.01445626373626374,889,910
0.9974,0.014472497249724976,888,909
0.9974,0.014488546255506612,887,908
0.9974,0.014505402425578835,887,907
0.9974,0.01451909492273731,886,906
0.9974,0.014535027624309397,885,905
0.9974,0.014551216814159296,885,904
0.9974,0.01456666666666667,884,903
0.9973,0.014582926829268296,883,902
0.9973,0.014598668146503888,882,901
0.9973,0.014617888888888892,882,900
0.9973,0.014633147942157957,881,899
0.9973,0.014649888641425394,880,898
0.9973,0.014663879598662211,879,897
0.9973,0.014680357142857146,878,896
0.9973,0.014692067039106149,877,895
0.9973,0.014709060402684567,876,894
0.9973,0.014723180291153418,875,893
0.9972,0.014744282511210766,874,892
0.9972,0.014757687991021328,873,891
0.9972,0.014768651685393262,871,890
0.9972,0.014779415073115863,870,889
0.9972,0.014796959459459462,869,888
0.9972,0.014811386696730554,868,887
0.9972,0.014831602708803614,868,886
0.9972,0.014845197740112998,867,885
0.9972,0.01486165158371041,866,884
0.9972,0.014877463193657988,865,883
0.9972,0.014893197278911568,864,882
0.9972,0.014908286038592511,863,881
0.9972,0.014931477272727275,863,880
0.9972,0.01494562002275313,862,879
0.9972,0.014963097949886107,861,878
0.9972,0.014977080957810722,860,877
0.9971,0.01499463470319635,860,876
0.9971,0.015012914285714288,860,875
0.9971,0.015033066361556066,859,874
0.9971,0.015050515463917528,858,873
0.9971,0.015067087155963305,858,872
0.9971,0.015084385763490244,857,871
0.9971,0.015100689655172417,856,870
0.9971,0.015117721518987345,855,869
0.9971,0.01513582949308756,854,868
0.9971,0.015153517877739333,853,867
0.9971,0.01518752886836028,852,866
0.997,0.015204161849710985,851,865
0.997,0.015219675925925928,850,864
0.997,0.015639860950173813,849,863
0.997,0.015658584686774946,848,862
0.997,0.015677700348432057,848,861
0.997,0.015696627906976745,847,860
0.997,0.01571001164144354,846,859
0.997,0.015729137529137533,845,858
0.997,0.01575694282380397,844,857
0.9969,0.015772429906542058,843,856
0.9969,0.015794502923976612,843,855
0.9969,0.01581791569086651,842,854
0.9969,0.015905158264947247,841,853
0.9969,0.015923826291079815,840,852
0.9969,0.015939717978848418,839,851
0.9969,0.015952000000000004,837,850
0.9969,0.015969493521790345,836,849
0.9969,0.015985141509433965,835,848
0.9969,0.016005312868949236,834,847
0.9969,0.01603049645390071,833,846
0.9969,0.01604319526627219,831,845
0.9969,0.01605983412322275,830,844
0.9969,0.01607651245551602,828,843
0.9968,0.016096318289786225,827,842
0.9968,0.01612841854934602,826,841
0.9968,0.016146309523809528,825,840
0.9968,0.016164243146603103,824,839
0.9968,0.016189379474940337,823,838
0.9968,0.01620872162485066,822,837
0.9968,0.01623708133971292,821,836
0.9968,0.016254610778443115,820,835
0.9968,0.016273381294964032,819,834
0.9968,0.016294117647058827,818,833
0.9967,0.016312259615384617,817,832
0.9967,0.01632851985559567,815,831
0.9967,0.016346265060240967,814,830
0.9967,0.016369843184559713,814,829
0.9967,0.016389613526570052,813,828
0.9967,0.016407980652962516,811,827
0.9967,0.016432324455205816,811,826
0.9967,0.016451030303030308,810,825
0.9966,0.016471723300970877,810,824
0.9966,0.01648724179829891,809,823
0.9966,0.016504501216545016,808,822
0.9966,0.016520828258221685,807,821
0.9966,0.01654158536585366,807,820
0.9966,0.016566056166056168,806,819
0.9966,0.01658581907090465,805,818
0.9966,0.01659975520195839,803,817
0.9966,0.016618014705882356,802,816
0.9966,0.016638527607361966,801,815
0.9966,0.016658845208845214,800,814
0.9965,0.016678597785977863,799,813
0.9965,0.016699261083743845,798,812
0.9965,0.016964241676942052,797,811
0.9965,0.016986790123456795,796,810
0.9965,0.017008034610630413,795,809
0.9965,0.017029331683168322,794,808
0.9965,0.01705055762081785,793,807
0.9965,0.017070471464019854,792,806
0.9964,0.017091180124223608,791,805
0.9964,0.017112437810945277,790,804
0.9964,0.017130884184308845,788,803
0.9964,0.01715199501246883,787,802
0.9964,0.017169163545568043,786,801
0.9964,0.017186500000000004,785,800
0.9964,0.017205882352941182,784,799
0.9964,0.01722731829573935,784,798
0.9964,0.017249309912170645,783,797
0.9964,0.017271482412060304,782,796
0.9964,0.017294465408805037,782,795
0.9964,0.017315239294710332,780,794
0.9963,0.0173329129886507,778,793
0.9963,0.017353914141414146,776,792
0.9963,0.017386725663716816,775,791
0.9963,0.017410253164556966,774,790
0.9963,0.0174362484157161,774,789
0.9963,0.01745609137055838,773,788
0.9963,0.0174730622617535,772,787
0.9963,0.017490966921119597,770,786
0.9963,0.017512611464968155,768,785
0.9963,0.01753354591836735,767,784
0.9963,0.0175544061302682,765,783
0.9963,0.017576982097186705,764,782
0.9962,0.01759948783610756,763,781
0.9962,0.01762217948717949,762,780
0.9962,0.017643260590500646,761,779
0.9962,0.017659383033419025,759,778
0.9962,0.017682625482625485,758,777
0.9962,0.017702061855670106,757,776
0.9962,0.01772593548387097,756,775
0.9962,0.01774857881136951,755,774
0.9962,0.017771668822768438,754,773
0.9962,0.01779352331606218,752,772
0.9962,0.017815823605706875,751,771
0.9961,0.017838961038961043,750,770
0.9961,0.01786241872561769,749,769
0.9961,0.01788580729166667,749,768
0.9961,0.017923598435462845,748,767
0.9961,0.01794608355091384,747,766
0.9961,0.017972810457516343,747,765
0.9961,0.017996727748691103,746,764
0.9961,0.018018479685452164,745,763
0.9961,0.01804435695538058,745,762
0.9961,0.018068331143232592,744,761
0.9961,0.018086184210526317,743,760
0.9961,0.018107246376811596,742,759
0.996,0.018126649076517152,740,758
0.996,0.018141611624834877,738,757
0.996,0.018168386243386247,737,756
0.996,0.018193245033112586,736,755
0.9959,0.018219761273209553,735,754
0.9959,0.018243691899070387,735,753
0.9959,0.018263829787234044,734,752
0.9959,0.018289347536617845,733,751
0.9959,0.018315200000000004,732,750
0.9959,0.018340453938584782,732,749
0.9959,0.018375668449197864,731,748
0.9959,0.01840053547523427,730,747
0.9959,0.01873163538873995,729,746
0.9959,0.018762684563758392,729,745
0.9959,0.018788440860215055,728,744
0.9958,0.01880820995962315,727,743
0.9958,0.018833827493261457,726,742
0.9958,0.018859244264507424,725,741
0.9958,0.018883243243243246,724,740
0.9958,0.018908660351826794,723,739
0.9958,0.018929810298102985,722,738
0.9957,0.018959023066485756,721,737
0.9957,0.01898654891304348,721,736
0.9957,0.01901265306122449,720,735
0.9957,0.019040599455040875,719,734
0.9957,0.019070668485675308,719,733
0.9957,0.01909685792349727,718,732
0.9957,0.019122982216142274,717,731
0.9957,0.019148630136986304,715,730
0.9956,0.019171879286694105,714,729
0.9956,0.019202197802197805,713,728
0.9956,0.019220770288858324,711,727
0.9956,0.019247382920110197,710,726
0.9956,0.019274896551724142,709,725
0.9956,0.019295718232044203,708,724
0.9956,0.019317012448132782,707,723
0.9955,0.019343767313019393,706,722
0.9955,0.019369764216366162,705,721
0.9955,0.019390833333333336,704,720
0.9955,0.019417524339360226,703,719
0.9955,0.019441782729805016,701,718
0.9955,0.019469735006973504,700,717
0.9955,0.01949664804469274,699,716
0.9955,0.01951804195804196,698,715
0.9955,0.01954397759103642,697,714
0.9955,0.01957166900420758,696,713
0.9954,0.01959606741573034,695,712
0.9954,0.019619549929676516,693,711
0.9954,0.019641549295774653,692,710
0.9954,0.01999040902679831,692,709
0.9954,0.020017937853107348,691,708
0.9954,0.020043281471004246,690,707
0.9954,0.020072521246458926,689,706
0.9954,0.020100283687943265,687,705
0.9954,0.02012315340909091,686,704
0.9954,0.02014893314366999,685,703
0.9954,0.02018490028490029,684,702
0.9954,0.02021355206847361,683,701
0.9953,0.020238571428571432,681,700
0.9953,0.020262947067238916,680,699
0.9953,0.020278939828080232,679,698
0.9953,0.020301434720229557,678,697
0.9953,0.020673419540229887,677,696
0.9953,0.020704604316546766,676,695
0.9953,0.020734149855907782,675,694
0.9953,0.02076825396825397,675,693
0.9952,0.020794653179190752,674,692
0.9952,0.020824023154848048,673,691
0.9952,0.020850000000000004,672,690
0.9952,0.020879535558780846,672,689
0.9952,0.02118793604651163,671,688
0.9952,0.021211644832605535,670,687
0.9952,0.021238629737609333,668,686
0.9952,0.021270364963503652,667,685
0.9951,0.02131213450292398,667,684
0.9951,0.021343338213762813,666,683
0.9951,0.02137228739002933,664,682
0.9951,0.021398825256975038,663,681
0.9951,0.02143808823529412,662,680
0.9951,0.021462297496318117,661,679
0.9951,0.021493657817109147,660,678
0.9951,0.021523485967503694,659,677
0.9951,0.021556804733727813,658,676
0.995,0.021590222222222226,657,675
0.995,0.02162551928783383,657,674
0.995,0.021654531946508175,656,673
0.995,0.022031696428571432,655,672
0.995,0.022064977645305517,654,671
0.995,0.02208358208955224,653,670
0.995,0.022104334828101646,652,669
0.995,0.02213607784431138,651,668
0.995,0.022171364317841082,650,667
0.9949,0.02220600600600601,649,666
0.9949,0.022231278195488723,647,665
0.9949,0.02226475903614458,646,664
0.9949,0.022291704374057315,645,663
0.9949,0.02232009063444109,644,662
0.9949,0.022580786686838127,643,661
0.9949,0.02261257575757576,641,660
0.9949,0.022660242792109257,640,659
0.9949,0.022688145896656537,638,658
0.9948,0.023126179604261797,637,657
0.9948,0.023170121951219515,636,656
0.9948,0.0231981679389313,634,655
0.9948,0.023224923547400612,633,654
0.9948,0.023262940275650845,632,653
0.9948,0.023298773006134973,631,652
0.9947,0.02333440860215054,630,651
0.9947,0.02337015384615385,630,650
0.9947,0.02341325115562404,630,649
0.9946,0.023450154320987657,629,648
0.9946,0.02348315301391036,628,647
0.9946,0.02352445820433437,628,646
0.9945,0.023561085271317832,627,645
0.9945,0.023590062111801247,626,644
0.9945,0.02361835147744946,625,643
0.9945,0.023983644859813087,624,642
0.9944,0.024016692667706712,623,641
0.9944,0.024055468750000003,622,640
0.9944,0.024084507042253525,621,639
0.9944,0.024117868338557998,620,638
0.9944,0.024148665620094194,620,637
0.9944,0.024186792452830192,619,636
0.9944,0.024216220472440948,618,635
0.9944,0.024258201892744483,618,634
0.9944,0.02427883096366509,616,633
0.9944,0.024318829113924054,616,632
0.9943,0.02435784469096672,615,631
0.9943,0.0243984126984127,615,630
0.9943,0.02444038155802862,614,629
0.9943,0.024481528662420385,614,628
0.9942,0.024521531100478472,613,627
0.9941,0.02479968051118211,612,626
0.9941,0.025316480000000002,611,625
0.9941,0.025840064102564106,610,624
0.9941,0.026358105939004818,609,623
0.9941,0.026400482315112543,608,622
0.9941,0.026443317230273756,607,621
0.9941,0.02647661290322581,606,620
0.9941,0.02651970920840065,605,619
0.9941,0.026550647249190942,604,618
0.9941,0.026596758508914103,603,617
0.9941,0.026624837662337666,602,616
0.9941,0.026662113821138214,601,615
0.994,0.0266913680781759,599,614
0.994,0.02673588907014682,598,613
0.994,0.026776633986928106,596,612
0.994,0.026821276595744684,595,611
0.994,0.026856393442622955,593,610
0.994,0.027340722495894913,592,609
0.994,0.02738914473684211,592,608
0.9939,0.02743179571663921,590,607
0.9939,0.02747755775577558,589,606
0.9939,0.027526611570247935,589,605
0.9938,0.027635430463576163,588,604
0.9938,0.027681592039800997,587,603
0.9938,0.02772790697674419,586,602
0.9937,0.02802462562396007,585,601
0.9937,0.0280635,583,600
0.9937,0.028119365609348915,582,599
0.9936,0.028166889632107027,581,598
0.9936,0.028203015075376887,579,597
0.9936,0.0282506711409396,578,596
0.9936,0.028285546218487397,576,595
0.9936,0.02860740740740741,575,594
0.9936,0.028651433389544692,574,593
0.9936,0.02868986486486487,573,592
0.9936,0.02873722504230119,572,591
0.9935,0.028798983050847462,571,590
0.9935,0.02885449915110357,571,589
0.9935,0.02889319727891157,571,588
0.9935,0.028921976149914826,570,587
0.9934,0.02896058020477816,569,586
0.9934,0.02901692307692308,569,585
0.9934,0.029055993150684935,567,584
0.9934,0.029102058319039455,566,583
0.9934,0.029150343642611688,565,582
0.9934,0.0291895008605852,564,581
0.9934,0.02923741379310345,563,580
0.9933,0.029288428324697757,562,579
0.9933,0.02986020761245675,561,578
0.9933,0.02990138648180243,560,577
0.9933,0.029945659722222226,559,576
0.9933,0.029997043478260873,558,575
0.9933,0.030037804878048784,557,574
0.9932,0.030078708551483424,556,573
0.9932,0.030138286713286715,555,572
0.9932,0.0301907180385289,554,571
0.9932,0.030256842105263162,553,570
0.9932,0.030298769771529,552,569
0.9932,0.030351232394366198,551,568
0.9932,0.030448853615520285,551,567
0.9932,0.030502826855123677,550,566
0.9931,0.030616637168141596,550,565
0.9931,0.030671985815602838,550,564
0.9931,0.030728063943161636,550,563
0.9931,0.03119181494661922,549,562
0.9931,0.031612121212121216,549,561
0.9931,0.031666964285714284,548,560
0.9931,0.031721824686940965,546,559
0.9931,0.03177383512544803,544,558
0.993,0.0318326750448833,543,557
0.993,0.03189244604316547,542,556
0.993,0.031973873873873876,541,555
0.993,0.03247870036101083,540,554
0.993,0.03253634719710669,539,553
0.993,0.0329393115942029,538,552
0.993,0.0329967332123412,538,551
0.993,0.033053818181818184,537,550
0.993,0.033119125683060115,536,549
0.993,0.03317974452554745,535,548
0.9929,0.033228519195612434,534,547
0.9929,0.0332941391941392,533,546
0.9928,0.03336642201834863,533,545
0.9928,0.033415625000000004,532,544
0.9928,0.03354493554327809,532,543
0.9927,0.03359575645756458,531,542
0.9927,0.03365637707948244,531,541
0.9927,0.033696666666666666,529,540
0.9927,0.033759369202226344,528,539
0.9926,0.03382379182156134,527,538
0.9926,0.03388696461824954,526,537
0.9925,0.03395279850746269,526,536
0.9925,0.03450766355140187,526,535
0.9925,0.03456198501872659,525,534
0.9925,0.03462532833020638,523,533
0.9925,0.03468966165413534,521,532
0.9924,0.034755932203389836,520,531
0.9924,0.03527566037735849,519,530
0.9924,0.03532022684310019,517,529
0.9923,0.03538882575757576,516,528
0.9923,0.035479886148007594,515,527
0.9923,0.03554201520912548,514,526
0.9923,0.035607428571428575,513,525
0.9923,0.03567595419847328,512,524
0.9923,0.03611185468451243,511,523
0.9922,0.036167816091954026,510,522
0.9922,0.03636506717850288,509,521
0.992,0.03643538461538462,508,520
0.992,0.03651329479768786,507,519
0.992,0.03655714285714286,506,518
0.992,0.03661315280464217,505,517
0.992,0.03668410852713178,504,516
0.992,0.03676912621359223,504,515
0.992,0.036840661478599226,503,514
0.9919,0.03692826510721248,502,513
0.9919,0.037381445312500004,501,512
0.9919,0.03744774951076321,499,511
0.9919,0.03750588235294118,498,510
0.9918,0.037579960707269155,497,509
0.9918,0.03765492125984252,496,508
0.9917,0.037719921104536494,495,507
0.9917,0.03780276679841897,494,506
0.9917,0.03840059405940594,493,505
0.9917,0.038473015873015874,493,504
0.9917,0.03851968190854871,491,503
0.9916,0.03859581673306773,490,502
0.9916,0.038656287425149705,489,501
0.9916,0.0391028,489,500
0.9916,0.03916152304609219,487,499
0.9916,0.03924277108433735,487,498
0.9916,0.039324547283702216,487,497
0.9915,0.03940342741935484,486,496
0.9915,0.039472929292929296,485,495
0.9915,0.039541700404858306,484,494
0.9915,0.03962231237322515,483,493
0.9915,0.0396859756097561,482,492
0.9914,0.04012973523421589,481,491
0.9914,0.04020714285714286,479,490
0.9913,0.04028916155419223,478,489
0.9913,0.04037151639344263,477,488
0.9913,0.04045441478439425,476,487
0.9913,0.040536008230452676,474,486
0.9913,0.04062020618556701,474,485
0.9913,0.04070888429752066,473,484
0.9912,0.041166873706004144,472,483
0.9912,0.041240456431535275,471,482
0.9911,0.041325155925155926,469,481
0.9911,0.04141895833333334,468,480
0.9911,0.04150542797494781,467,479
0.991,0.0415918410041841,466,478
0.991,0.04167924528301887,465,477
0.991,0.04220840336134454,464,476
0.991,0.04230105263157895,463,475
0.9909,0.042393248945147684,463,474
0.9909,0.042481183932346726,461,473
0.9909,0.042571398305084746,460,472
0.9908,0.04266093418259024,460,471
0.9908,0.042743617021276596,459,470
0.9908,0.04283773987206824,458,469
0.9907,0.04292713675213675,457,468
0.9907,0.043019486081370455,456,467
0.9907,0.04312403433476395,455,466
0.9907,0.043207526881720436,454,465
0.9907,0.04327521551724138,453,464
0.9907,0.043353131749460046,452,463
0.9906,0.04381450216450217,451,462
0.9906,0.04423318872017354,450,461
0.9906,0.044326086956521744,449,460
0.9906,0.044416557734204797,448,459
0.9906,0.04449606986899564,447,458
0.9906,0.04457352297592998,446,457
0.9906,0.04502850877192983,445,456
0.9905,0.0451734065934066,444,455
0.9905,0.04527709251101322,443,454
0.9905,0.04578741721854305,442,453
0.9905,0.04630508849557523,441,452
0.9905,0.04640753880266076,440,451
0.9905,0.04650111111111112,439,450
0.9904,0.04658841870824054,438,449
0.9904,0.04669040178571429,437,448
0.9904,0.04679485458612976,436,447
0.9904,0.046901569506726463,435,446
0.9903,0.047006067415730345,434,445
0.9903,0.04708581081081081,432,444
0.9903,0.04717945823927766,431,443
0.9903,0.04727669683257919,429,442
0.9902,0.047368480725623587,428,441
0.9902,0.04747636363636364,427,440
0.9902,0.047577220956719825,426,439
0.9901,0.047684474885844756,425,438
0.9901,0.04779588100686499,425,437
0.9901,0.047868119266055054,423,436
0.99,0.04856873563218391,422,435
0.9899,0.04868502304147466,421,434
0.9899,0.048798614318706704,420,433
0.9899,0.04890324074074075,418,432
0.9897,0.0493477958236659,417,431
0.9897,0.04944558139534884,416,430
0.9896,0.050184149184149186,416,429
0.9896,0.050300700934579445,415,428
0.9895,0.050422248243559724,414,427
0.9894,0.05052112676056338,413,426
0.9894,0.051163294117647064,412,425
0.9893,0.051272405660377364,411,424
0.9892,0.051396926713947994,410,423
0.9892,0.0514872037914692,409,422
0.9892,0.0516040380047506,409,421
0.9892,0.05172571428571429,407,420
0.9892,0.05184319809069213,407,419
0.9892,0.05194043062200957,405,418
0.9892,0.05203525179856115,404,417
0.9891,0.0528141826923077,403,416
0.9891,0.052942650602409644,402,415
0.9891,0.053292995169082126,401,414
0.9891,0.05337118644067797,399,413
0.989,0.053496601941747574,398,412
0.989,0.053621654501216545,397,411
0.989,0.05375146341463415,396,410
0.989,0.053885330073349634,396,409
0.9889,0.05456151960784314,395,408
0.9889,0.054697542997543,394,407
0.9889,0.0548012315270936,392,406
0.9888,0.055478765432098766,391,405
0.9887,0.055620049504950496,390,404
0.9887,0.05573002481389579,388,403
0.9887,0.055844029850746275,387,402
0.9887,0.05598503740648379,386,401
0.9886,0.056093500000000004,384,400
0.9886,0.05625087719298246,383,399
0.9886,0.056389698492462316,381,398
0.9885,0.0565287153652393,380,397
0.9884,0.0574459595959596,379,396
0.9884,0.05757746835443038,379,395
0.9884,0.05786954314720812,378,394
0.9883,0.05847760814249364,377,393
0.9883,0.058607397959183676,376,392
0.9882,0.05876265984654732,376,391
0.9881,0.05903538461538462,375,390
0.9881,0.059572750642673526,375,389
0.9881,0.05980206185567011,375,388
0.988,0.05994728682170543,375,387
0.988,0.06007538860103627,374,386
0.9879,0.060203116883116886,373,385
0.9879,0.06034010416666667,372,384
0.9879,0.060492950391644915,370,383
0.9878,0.06096361256544503,369,382
0.9877,0.0611244094488189,368,381
0.9876,0.06128605263157895,367,380
0.9876,0.06180501319261214,367,379
0.9875,0.062012433862433866,367,378
0.9875,0.06257718832891247,366,377
0.9875,0.0627340425531915,365,376
0.9875,0.06373493333333334,364,375
0.98740000000000006,0.06387540106951872,363,374
0.98740000000000006,0.06404396782841823,361,373
0.98740000000000006,0.06421290322580646,360,372
0.9873,0.06504177897574125,360,371
0.9872,0.06521027027027028,360,370
0.9871,0.06583387533875339,360,369
0.9871,0.06600788043478262,359,368
0.987,0.06618828337874659,358,367
0.987,0.0663603825136612,358,366
0.987,0.06654027397260275,357,365
0.9869,0.06682747252747254,356,364
0.9869,0.06745234159779614,356,363
0.9868,0.06764005524861878,355,362
0.9867,0.06781412742382271,354,361
0.9867,0.06800416666666667,353,360
0.9867,0.06866991643454039,353,359
0.9866,0.06883100558659218,352,358
0.9866,0.06948263305322129,351,357
0.9865,0.07043455056179776,350,356
0.9863999999999999,0.0706943661971831,349,355
0.9863,0.07085310734463277,348,354
0.9863,0.07103824362606233,347,353
0.9861,0.07131534090909092,346,352
0.9861,0.07148689458689458,345,351
0.9861,0.07169085714285714,344,350
0.9861,0.0718865329512894,343,349
0.986,0.07205890804597702,342,348
0.9859,0.07226685878962537,341,347
0.9859,0.07309739884393064,340,346
0.9858,0.07331478260869566,339,345
0.9858,0.07350755813953488,337,344
0.9858,0.07370291545189504,337,343
0.9857,0.07388538011695907,335,342
0.9857,0.07420615835777127,335,341
0.9856,0.07442352941176471,334,340
0.9855,0.07484601769911504,333,339
0.9855,0.07502455621301775,331,338
0.9855,0.07521810089020772,329,337
0.985,0.07543690476190476,328,336
0.985,0.07565910447761194,327,335
0.985,0.07650119760479042,326,334
0.985,0.076793993993994,325,333
0.9849,0.07707078313253013,324,332
0.9848,0.0780821752265861,324,331
0.9847,0.07828606060606061,323,330
0.9846,0.07848115501519758,321,329
0.9844,0.07872804878048781,321,328
0.9844,0.0789382262996942,319,327
0.9843,0.07919325153374233,319,326
0.9843,0.07942061538461538,318,325
0.9842,0.07960987654320988,317,324
0.984,0.08050030959752322,317,323
0.984,0.08075248447204969,316,322
0.984,0.08145700934579439,315,321
0.984,0.08167687500000001,315,320
0.984,0.08201285266457681,314,319
0.9839,0.08227893081761006,314,318
0.9838,0.08250946372239748,312,317
0.9838,0.08276487341772153,311,316
0.9836,0.08329111111111111,310,315
0.9833,0.08350636942675159,309,314
0.9833,0.08376006389776358,308,313
0.9832,0.08398429487179487,307,312
0.9829,0.08422411575562701,306,311
0.9828,0.08504354838709678,305,310
0.9827,0.08531974110032363,304,309
0.9826,0.08618668831168831,303,308
0.9825,0.08655537459283388,303,307
0.9825,0.08734934640522876,304,306
0.9824,0.08854000000000001,303,305
0.9823,0.08883157894736843,302,304
0.9818,0.08943300330033004,301,303
0.9813,0.09056390728476821,300,302
0.9811,0.09082126245847176,299,301
0.9802,0.09164366666666666,298,300
0.9802,0.09193879598662208,297,299
0.9802,0.09211812080536913,296,298
0.98,0.09250774410774411,295,297
0.98,0.09280472972972974,294,296
0.9799,0.09317423728813559,293,295
0.9798,0.09350476190476191,292,294
0.9797,0.09379658703071672,291,293
0.9796,0.0944027397260274,290,292
0.979,0.09532302405498282,290,291
0.9789,0.09564206896551725,288,290
0.9784,0.09596020761245674,286,289
0.9784,0.09626180555555555,285,288
0.9782,0.09654355400696864,283,287
0.9778,0.09680909090909091,282,286
0.9772,0.09707263157894737,282,285
0.9772,0.09734295774647887,281,284
0.9771,0.09766855123674911,280,283
0.9769,0.09850283687943262,279,282
0.9764,0.09879359430604982,277,281
0.9758,0.09913821428571429,276,280
0.9755,0.10037706093189964,276,279
0.9753,0.10072230215827338,275,278
0.9748,0.10158158844765343,274,277
0.9747,0.10185108695652174,272,276
0.9745,0.10221963636363636,272,275
0.9743,0.10304525547445256,271,274
0.9739,0.10387472527472527,270,273
0.9739,0.10424117647058824,270,272
0.9735,0.10444575645756458,269,271
0.9731,0.10549518518518519,268,270
0.9728,0.10587397769516729,267,269
0.9725,0.1062705223880597,266,268
0.9721,0.10671273408239701,265,267
0.9712,0.10706503759398496,263,266
0.9709,0.10747433962264151,262,265
0.9704,0.10889053030303031,261,264
0.9698,0.10925247148288973,260,263
0.9695,0.10959809160305344,259,262
0.9692,0.1099344827586207,258,261
0.9686,0.11103423076923077,257,260
0.9684,0.11146409266409267,256,259
0.9682,0.11202713178294574,255,258
0.9681,0.11318093385214008,255,257
0.9674,0.11413515625000001,255,256
0.9671,0.11459529411764706,255,255
0.964,0.11519291338582677,254,254
0.9637,0.1161403162055336,253,253
0.9597,0.11711507936507937,252,252
0.9586,0.11851474103585657,251,251
0.9576,0.1194756,250,250
0.9564,0.12002048192771085,249,249
0.956,0.12087540322580645,248,248
0.9556,0.12169068825910931,247,247
0.9551,0.12276138211382114,246,246
0.9533,0.12338122448979592,245,245
0.9525,0.12387049180327869,244,244
0.9521,0.12461934156378601,243,243
0.9502,0.1255495867768595,242,242
0.9457,0.12618132780082988,241,241
0.9441,0.12626791666666667,240,240
0.9435,0.12664267782426777,239,239
0.9387,0.12728025210084035,238,238
0.9343,0.1284223628691983,237,237
0.9339999999999999,0.12934745762711863,236,236
0.9336,0.13,235,235
0.9283,0.13034188034188035,234,234
0.9259999999999999,0.13051888412017168,233,233
0.9238999999999999,0.13139094827586206,232,232
0.9238,0.13211038961038962,231,231
0.9215,0.13294304347826086,230,230
0.9165,0.13319082969432314,229,229
0.9107000000000001,0.13460219298245615,228,228
0.9057,0.1355409691629956,227,227
0.9006000000000001,0.13612743362831858,226,226
0.8931,0.13614133333333334,225,225
0.8925,0.13679732142857143,224,224
0.8884,0.13687713004484306,223,223
0.8817,0.1370198198198198,222,222
0.8805000000000001,0.13688235294117648,220,221
0.8795,0.13747318181818183,220,220
0.8708,0.13719315068493151,219,219
0.8665,0.13703577981651377,218,218
0.8621,0.13767557603686637,217,217
0.8564,0.13768981481481482,216,216
0.8557,0.13874697674418604,215,215
0.854,0.13893644859813084,214,214
0.8522000000000001,0.13912582159624412,213,213
0.8503000000000001,0.13872783018867924,212,212
0.8487,0.13832417061611374,211,211
0.8476,0.13879904761904763,209,210
0.8462,0.1392291866028708,208,209
0.8451,0.14009326923076923,207,208
0.8449,0.13995265700483092,206,207
0.8442000000000001,0.1394859223300971,205,206
0.8432999999999999,0.13979365853658537,203,205
0.8415,0.14047794117647058,202,204
0.841,0.14076305418719212,201,203
0.8409,0.14068663366336634,200,202
0.8399,0.14138358208955223,199,201
0.8398,0.1414795,198,200
0.8398,0.14085778894472362,197,199
0.8392999999999999,0.1400979797979798,196,198
0.8392000000000001,0.13999238578680204,195,197
0.8375,0.13996938775510204,193,196
0.8367,0.13954051282051283,192,195
0.8366,0.14025567010309278,191,194
0.8366,0.14044300518134714,191,193
0.8366,0.14042708333333334,191,192
0.8339,0.14135497382198953,191,191
0.8319,0.14121526315789473,189,190
0.8317,0.1417920634920635,189,189
0.8307,0.1409941489361702,188,188
0.8277,0.14112727272727274,187,187
0.827,0.14046559139784948,186,186
0.8260000000000001,0.14012324324324324,185,185
0.8235,0.14015108695652173,184,184
0.8228,0.13926229508196722,183,183
0.8205,0.13964175824175826,182,182
0.819,0.13967403314917126,181,181
0.8164,0.13934055555555555,180,180
0.8164,0.13921843575418993,178,179
0.8148,0.13901011235955057,177,178
0.8123,0.1392723163841808,176,177
0.8117,0.13969545454545454,175,176
0.8113,0.1385782857142857,174,175
0.8087,0.13928735632183908,173,174
0.808,0.13921734104046243,172,173
0.8069999999999999,0.13950116279069769,171,172
0.8061,0.14000116959064327,170,171
0.8046,0.13954,169,170
0.8046,0.13879585798816568,168,169
0.8042,0.14001428571428573,167,168
0.8023,0.13879700598802397,166,167
0.8017000000000001,0.1384475903614458,165,166
0.7998000000000001,0.13806727272727273,163,165
0.7998000000000001,0.13858231707317073,162,164
0.7987,0.13941411042944785,160,163
0.7983,0.13792716049382717,159,162
0.7966,0.13853726708074535,158,161
0.7964,0.13941375,157,160
0.7962,0.14022704402515723,155,159
0.7958,0.13926582278481012,154,158
0.7957,0.14065541401273884,153,157
0.7944,0.13936666666666667,152,156
0.7937000000000001,0.14041225806451613,151,155
0.7934,0.1399474025974026,150,154
0.7926,0.13915098039215687,149,153
0.7926,0.13905855263157896,148,152
0.7922,0.13945364238410596,148,151
0.7916,0.139314,147,150
0.7908999999999999,0.14004362416107383,147,149
0.79,0.1406972972972973,145,148
0.7899,0.1416469387755102,144,147
0.7898000000000001,0.14006575342465755,143,146
0.7897,0.13990206896551724,142,145
0.7892,0.14114930555555555,142,144
0.7887,0.14114125874125874,141,143
0.7885,0.14224718309859155,140,142
0.7877,0.141977304964539,139,141
0.7876000000000001,0.14156428571428573,138,140
0.7865,0.14243165467625898,137,139
0.7859,0.1438855072463768,136,138
0.7834,0.14358394160583943,135,137
0.7833,0.14255588235294117,134,136
0.7816,0.14333407407407409,133,135
0.781,0.14317761194029852,132,134
0.7809,0.14316616541353383,131,133
0.7801,0.14287878787878788,130,132
0.7789,0.14300763358778626,130,131
0.7781,0.14095846153846153,129,130
0.778,0.1395937984496124,127,129
0.777,0.14044453125,126,128
0.7759,0.14143622047244095,124,127
0.7726999999999999,0.14127857142857142,123,126
0.7698,0.1407128,122,125
0.7697,0.1412975806451613,120,124
0.7692,0.14024878048780487,118,123
0.7683,0.1401844262295082,117,122
0.7677,0.139400826446281,116,121
0.7673,0.140595,116,120
0.7667,0.14191764705882354,116,119
0.7661,0.14225169491525425,115,118
0.7661,0.14291965811965812,113,117
0.7658,0.14016206896551725,112,116
0.7658,0.13994521739130436,111,115
0.7645,0.1375719298245614,110,114
0.7645,0.13669203539823008,109,113
0.7632,0.1363080357142857,108,112
0.7632,0.13546576576576577,107,111
0.7626999999999999,0.1328909090909091,106,110
0.762,0.13244587155963303,105,109
0.7601,0.13348518518518518,104,108
0.7578,0.13472242990654207,103,107
0.7569,0.13385754716981133,102,106
0.7561,0.13291333333333333,101,105
0.7552,0.13399326923076924,100,104
0.7549,0.13556893203883497,100,103
0.7533,0.13474019607843138,99,102
0.7526,0.13612772277227722,99,101
0.7525,0.136022,98,100
0.7525,0.1353161616161616,97,99
0.7517,0.1323469387755102,96,98
0.7509,0.13297731958762887,94,97
0.7498,0.13491979166666668,93,96
0.7495,0.1367778947368421,93,95
0.7475,0.13739361702127662,93,94
0.7468,0.138747311827957,92,93
0.7436,0.13528804347826087,91,92
0.7383,0.13366813186813187,90,91
0.737,0.1353177777777778,89,90
0.7363999999999999,0.13651348314606743,88,89
0.7352000000000001,0.13665681818181818,87,88
0.7329,0.13923103448275864,86,87
0.7324999999999999,0.1403,85,86
0.7296,0.13711882352941177,84,85
0.7276,0.13594642857142858,83,84
0.727,0.13814698795180724,82,83
0.7268,0.13901463414634146,81,82
0.7266,0.13956419753086421,79,81
0.7266,0.1382575,79,80
0.7259,0.1371848101265823,78,79
0.7246,0.13519615384615385,76,78
0.7243999999999999,0.13087142857142858,75,77
0.7224999999999999,0.13277894736842105,74,76
0.7222999999999999,0.133996,72,75
0.7215,0.13227297297297297,71,74
0.7215,0.1342958904109589,70,73
0.7191000000000001,0.13268611111111112,69,72
0.7171000000000001,0.1270774647887324,68,71
0.7151000000000001,0.12512428571428572,68,70
0.7117,0.12745652173913044,68,69
0.7110000000000001,0.12473676470588237,67,68
0.7108,0.12469402985074628,65,67
0.7098,0.12564545454545456,65,66
0.7089000000000001,0.12209076923076924,63,65
0.7081,0.11878906250000001,61,64
0.7077,0.11627301587301589,60,63
0.7073,0.11811129032258066,59,62
0.7070000000000001,0.11956393442622952,58,61
0.7059,0.11505500000000002,56,60
0.704,0.11128813559322036,54,59
0.7039,0.1132741379310345,53,58
0.7033,0.10987192982456143,52,57
0.7022999999999999,0.10661428571428573,50,56
0.7021999999999999,0.10671454545454546,49,55
0.7016,0.10839444444444446,49,54
0.7001999999999999,0.11021320754716983,47,53
0.7001999999999999,0.1116673076923077,46,52
0.7,0.11407647058823531,45,51
0.698,0.11044400000000001,44,50
0.6955,0.11069183673469389,43,49
0.6953,0.10609583333333335,41,48
0.6936,0.10545106382978725,39,47
0.6934,0.10648478260869566,37,46
0.6927,0.10242222222222223,37,45
0.6925,0.10494545454545456,37,44
0.6920999999999999,0.09830930232558141,36,43
0.6917,0.09326904761904763,35,42
0.6901999999999999,0.08137804878048781,33,41
0.6890000000000001,0.08357500000000001,33,40
0.6875,0.0832871794871795,31,39
0.6875,0.07665000000000001,29,38
0.6859999999999999,0.07861621621621621,29,37
0.6859999999999999,0.07819166666666667,27,36
0.6849000000000001,0.07858857142857142,26,35
0.6845,0.07993529411764706,25,34
0.6838,0.07984545454545455,24,33
0.6833,0.079053125,23,32
0.683,0.08003225806451614,22,31
0.681,0.08318333333333335,21,30
0.6807000000000001,0.08608620689655173,21,29
0.6801999999999999,0.08962500000000001,20,28
0.6787,0.08454074074074075,19,27
0.6782,0.08694615384615385,19,26
0.67490000000000006,0.077896,18,25
0.6717,0.08046250000000002,17,24
0.6700999999999999,0.07050869565217392,16,23
0.6675,0.07352272727272728,15,22
0.6672,0.07207142857142858,14,21
0.6665,0.07457500000000002,14,20
0.6625,0.0702105263157895,12,19
0.6615,0.07378888888888892,12,18
0.6614,0.08229411764705885,12,17
0.6612,0.08984375000000003,12,16
0.6544,0.07244000000000002,11,15
0.6517,0.07047142857142859,10,14
0.6509,0.07732307692307695,10,13
0.6496,0.05495000000000003,9,12
0.6479999999999999,0.05873636363636365,9,11
0.646,0.05062000000000001,7,10
0.6456,0.046977777777777785,6,9
0.6416999999999999,0.041550000000000004,5,8
0.6409,0.04457142857142856,4,7
0.6359,0.058099999999999985,4,6
0.6333,-0.0018200000000000438,3,5
0.6301,-0.018900000000000028,1,4
0.6243000000000001,-0.009699999999999931,1,3
0.6234999999999999,0.012300000000000089,1,2
0.6073999999999999,0.5194,1,1
